station_id,num_bikes_available,num_bikes_disabled,num_docks_available,num_docks_disabled,is_installed,is_renting,is_returning,last_reported,is_charging_station,status,num_mechanical_bikes_available,num_ebike_bikes_available
2,0,0,20,0,True,True,True,1579811928,False,IN_SERVICE,0,0
3,0,1,19,0,True,True,True,1579811927,False,IN_SERVICE,0,0
4,0,0,20,1,True,True,True,1579811852,False,IN_SERVICE,0,0
5,1,0,39,0,True,True,True,1579811732,False,IN_SERVICE,1,0
6,1,2,17,1,True,True,True,1579811867,False,IN_SERVICE,1,0
7,0,0,16,0,True,True,True,1579811749,False,IN_SERVICE,0,0
8,0,0,24,0,True,True,True,1579811773,False,IN_SERVICE,0,0
9,1,0,22,0,True,True,True,1579811823,False,IN_SERVICE,1,0
11,0,0,20,0,True,True,True,1579811924,False,IN_SERVICE,0,0
12,0,1,15,0,True,True,True,1579811969,False,IN_SERVICE,0,0
13,0,2,28,0,True,True,True,1579811773,False,IN_SERVICE,0,0
14,1,0,29,0,True,True,True,1579811864,False,IN_SERVICE,1,0
15,2,1,17,0,True,True,True,1579811913,False,IN_SERVICE,2,0
16,0,0,0,0,True,False,False,0,False,END_OF_LIFE,0,0
17,0,2,18,0,True,True,True,1579811956,False,IN_SERVICE,0,0
18,0,0,0,0,True,False,False,0,False,END_OF_LIFE,0,0
19,0,0,24,1,True,True,True,1579811733,False,IN_SERVICE,0,0
20,0,0,20,0,True,True,True,1579811832,False,IN_SERVICE,0,0
21,1,4,19,0,True,True,True,1579811728,False,IN_SERVICE,1,0
22,0,0,19,0,True,True,True,1579811817,False,IN_SERVICE,0,0
23,0,1,10,0,True,True,True,1579811817,False,IN_SERVICE,0,0
24,0,0,17,0,True,True,True,1579811770,False,IN_SERVICE,0,0
25,1,1,22,0,True,True,True,1579811934,False,IN_SERVICE,1,0
26,0,0,24,0,True,True,True,1579811739,False,IN_SERVICE,0,0
27,0,1,14,0,True,True,True,1579811778,False,IN_SERVICE,0,0
28,0,0,20,0,True,True,True,1579811764,False,IN_SERVICE,0,0
29,0,1,29,0,True,True,True,1579811853,False,IN_SERVICE,0,0
30,0,1,19,1,True,True,True,1579811746,False,IN_SERVICE,0,0
31,0,0,20,0,True,True,True,1579811847,False,IN_SERVICE,0,0
32,0,1,15,0,True,True,True,1579811941,False,IN_SERVICE,0,0
33,0,2,18,0,True,True,True,1579811982,False,IN_SERVICE,0,0
34,0,0,0,0,True,False,False,0,False,END_OF_LIFE,0,0
35,0,2,27,2,True,True,True,1579811914,False,IN_SERVICE,0,0
36,0,0,16,0,True,True,True,1579811894,False,IN_SERVICE,0,0
38,0,1,18,0,True,True,True,1579811847,False,IN_SERVICE,0,0
39,0,0,20,0,True,True,True,1579811965,False,IN_SERVICE,0,0
40,0,0,16,0,True,True,True,1579811943,False,IN_SERVICE,0,0
41,1,2,17,1,True,True,True,1579811754,False,IN_SERVICE,1,0
42,1,0,22,0,True,True,True,1579811950,False,IN_SERVICE,1,0
43,2,2,11,0,True,True,True,1579811792,False,IN_SERVICE,2,0
44,1,0,18,0,True,True,True,1579811853,False,IN_SERVICE,1,0
45,0,0,19,0,True,True,True,1579811860,False,IN_SERVICE,0,0
46,0,0,17,0,True,True,True,1579811978,False,IN_SERVICE,0,0
47,0,1,15,0,True,True,True,1579811964,False,IN_SERVICE,0,0
48,1,0,15,1,True,True,True,1579811831,False,IN_SERVICE,1,0
49,0,0,20,0,True,True,True,1579811741,False,IN_SERVICE,0,0
50,0,1,19,0,True,True,True,1579811771,False,IN_SERVICE,0,0
51,0,0,12,0,True,True,True,1579811866,False,IN_SERVICE,0,0
52,0,2,18,0,True,True,True,1579811920,False,IN_SERVICE,0,0
53,0,1,19,0,True,True,True,1579811946,False,IN_SERVICE,0,0
54,0,0,20,0,True,True,True,1579811928,False,IN_SERVICE,0,0
55,0,0,20,0,True,True,True,1579811913,False,IN_SERVICE,0,0
56,0,0,16,0,True,True,True,1579811913,False,IN_SERVICE,0,0
57,0,0,16,0,True,True,True,1579811957,False,IN_SERVICE,0,0
58,1,0,19,0,True,True,True,1579811785,False,IN_SERVICE,1,0
59,0,0,19,0,True,True,True,1579811971,False,IN_SERVICE,0,0
60,0,0,19,0,True,True,True,1579811835,False,IN_SERVICE,0,0
62,0,2,18,1,True,True,True,1579811887,False,IN_SERVICE,0,0
63,0,0,20,0,True,True,True,1579811730,False,IN_SERVICE,0,0
64,0,0,20,0,True,True,True,1579811979,False,IN_SERVICE,0,0
65,0,0,20,1,True,True,True,1579811915,False,IN_SERVICE,0,0
66,0,2,17,0,True,True,True,1579811915,False,IN_SERVICE,0,0
67,0,0,0,0,True,False,False,0,False,END_OF_LIFE,0,0
68,0,0,19,0,True,True,True,1579811818,False,IN_SERVICE,0,0
69,0,0,15,0,True,True,True,1579811755,False,IN_SERVICE,0,0
70,1,0,18,0,True,True,True,1579811811,False,IN_SERVICE,1,0
71,0,1,29,0,True,True,True,1579811838,False,IN_SERVICE,0,0
72,0,1,17,0,True,True,True,1579811785,False,IN_SERVICE,0,0
73,0,0,15,0,True,True,True,1579811979,False,IN_SERVICE,0,0
74,0,0,30,0,True,True,True,1579811966,False,IN_SERVICE,0,0
75,0,2,16,1,True,True,True,1579811810,False,IN_SERVICE,0,0
76,3,0,17,0,True,True,True,1579811883,False,IN_SERVICE,3,0
77,0,0,19,0,True,True,True,1579811859,False,IN_SERVICE,0,0
78,0,1,18,0,True,True,True,1579811759,False,IN_SERVICE,0,0
79,1,0,27,0,True,True,True,1579811736,False,IN_SERVICE,1,0
80,0,0,16,0,True,True,True,1579811851,False,IN_SERVICE,0,0
81,0,0,0,0,True,False,False,0,False,END_OF_LIFE,0,0
82,0,0,20,0,True,True,True,1579811733,False,IN_SERVICE,0,0
83,0,0,20,0,True,True,True,1579811738,False,IN_SERVICE,0,0
84,0,2,18,0,True,True,True,1579811963,False,IN_SERVICE,0,0
85,0,0,20,0,True,True,True,1579811950,False,IN_SERVICE,0,0
86,0,2,18,0,True,True,True,1579811943,False,IN_SERVICE,0,0
87,1,0,13,0,True,True,True,1579811956,False,IN_SERVICE,1,0
88,0,0,19,0,True,True,True,1579811746,False,IN_SERVICE,0,0
89,0,0,18,0,True,True,True,1579811982,False,IN_SERVICE,0,0
90,0,0,20,0,True,True,True,1579811813,False,IN_SERVICE,0,0
91,2,1,17,0,True,True,True,1579811821,False,IN_SERVICE,2,0
92,0,1,19,0,True,True,True,1579811941,False,IN_SERVICE,0,0
93,1,1,18,0,True,True,True,1579811930,False,IN_SERVICE,1,0
94,1,0,29,0,True,True,True,1579811763,False,IN_SERVICE,1,0
95,0,0,16,0,True,True,True,1579811783,False,IN_SERVICE,0,0
96,2,4,14,1,True,True,True,1579811895,False,IN_SERVICE,2,0
98,0,1,15,0,True,True,True,1579811901,False,IN_SERVICE,0,0
99,0,1,19,0,True,True,True,1579811782,False,IN_SERVICE,0,0
100,0,0,0,0,True,False,False,0,False,END_OF_LIFE,0,0
101,4,0,16,0,True,True,True,1579811737,False,IN_SERVICE,4,0
102,0,0,12,0,True,True,True,1579811744,False,IN_SERVICE,0,0
103,0,0,0,0,True,False,False,0,False,END_OF_LIFE,0,0
104,0,3,27,0,True,True,True,1579811777,False,IN_SERVICE,0,0
105,0,2,13,0,True,True,True,1579811947,False,IN_SERVICE,0,0
106,2,0,17,0,True,True,True,1579811890,False,IN_SERVICE,2,0
107,0,1,14,0,True,True,True,1579811730,False,IN_SERVICE,0,0
110,0,0,18,0,True,True,True,1579811972,False,IN_SERVICE,0,0
111,0,2,26,0,True,True,True,1579811890,False,IN_SERVICE,0,0
112,0,0,16,0,True,True,True,1579811833,False,IN_SERVICE,0,0
114,0,0,29,0,True,True,True,1579811719,False,IN_SERVICE,0,0
115,0,2,14,0,True,True,True,1579811959,False,IN_SERVICE,0,0
116,0,0,11,0,True,True,True,1579811769,False,IN_SERVICE,0,0
117,0,0,16,0,True,True,True,1579811732,False,IN_SERVICE,0,0
118,0,1,18,0,True,True,True,1579811920,False,IN_SERVICE,0,0
119,0,1,18,0,True,True,True,1579811737,False,IN_SERVICE,0,0
120,2,0,17,0,True,True,True,1579811842,False,IN_SERVICE,2,0
121,0,1,19,0,True,True,True,1579811956,False,IN_SERVICE,0,0
122,0,0,20,0,True,True,True,1579811930,False,IN_SERVICE,0,0
124,0,0,19,0,True,True,True,1579811871,False,IN_SERVICE,0,0
126,2,0,14,0,True,True,True,1579811970,False,IN_SERVICE,2,0
127,1,2,13,0,True,True,True,1579811849,False,IN_SERVICE,1,0
128,0,0,19,0,True,True,True,1579811969,False,IN_SERVICE,0,0
130,0,2,37,0,True,True,True,1579811830,False,IN_SERVICE,0,0
131,0,1,15,1,True,True,True,1579811949,False,IN_SERVICE,0,0
132,0,2,10,0,True,True,True,1579811733,False,IN_SERVICE,0,0
134,1,1,17,0,True,True,True,1579811759,False,IN_SERVICE,1,0
135,0,1,19,0,True,True,True,1579811764,False,IN_SERVICE,0,0
137,0,2,18,0,True,True,True,1579811857,False,IN_SERVICE,0,0
138,0,0,12,0,True,True,True,1579811936,False,IN_SERVICE,0,0
141,0,0,20,0,True,True,True,1579811832,False,IN_SERVICE,0,0
143,0,1,19,0,True,True,True,1579811900,False,IN_SERVICE,0,0
144,0,0,20,0,True,True,True,1579811903,False,IN_SERVICE,0,0
146,0,1,19,0,True,True,True,1579811978,False,IN_SERVICE,0,0
147,0,0,0,0,True,False,False,0,False,END_OF_LIFE,0,0
149,0,1,15,0,True,True,True,1579811746,False,IN_SERVICE,0,0
150,0,0,30,0,True,True,True,1579811890,False,IN_SERVICE,0,0
151,1,0,22,0,True,True,True,1579811766,False,IN_SERVICE,1,0
152,0,1,19,0,True,True,True,1579811770,False,IN_SERVICE,0,0
153,1,1,14,0,True,True,True,1579811755,False,IN_SERVICE,1,0
154,0,0,20,0,True,True,True,1579811767,False,IN_SERVICE,0,0
155,0,1,18,0,True,True,True,1579811841,False,IN_SERVICE,0,0
156,0,3,17,0,True,True,True,1579811756,False,IN_SERVICE,0,0
158,0,0,20,0,True,True,True,1579811705,False,IN_SERVICE,0,0
161,0,2,18,1,True,True,True,1579811956,False,IN_SERVICE,0,0
162,1,1,18,0,True,True,True,1579811884,False,IN_SERVICE,1,0
163,0,0,30,0,True,True,True,1579811758,False,IN_SERVICE,0,0
164,0,1,18,0,True,True,True,1579811942,False,IN_SERVICE,0,0
165,0,0,12,0,True,True,True,1579811800,False,IN_SERVICE,0,0
166,0,1,19,0,True,True,True,1579811910,False,IN_SERVICE,0,0
167,1,1,14,0,True,True,True,1579811916,False,IN_SERVICE,1,0
168,0,0,16,0,True,True,True,1579811728,False,IN_SERVICE,0,0
169,0,0,11,0,True,True,True,1579811927,False,IN_SERVICE,0,0
170,0,2,18,0,True,True,True,1579811952,False,IN_SERVICE,0,0
171,0,1,19,1,True,True,True,1579811926,False,IN_SERVICE,0,0
172,0,1,15,0,True,True,True,1579811783,False,IN_SERVICE,0,0
173,1,0,14,0,True,True,True,1579811920,False,IN_SERVICE,1,0
174,1,0,18,0,True,True,True,1579811905,False,IN_SERVICE,1,0
175,2,2,32,1,True,True,True,1579811752,False,IN_SERVICE,2,0
176,1,1,18,0,True,True,True,1579811940,False,IN_SERVICE,1,0
177,0,0,12,0,True,True,True,1579811828,False,IN_SERVICE,0,0
180,0,0,20,0,True,True,True,1579811912,False,IN_SERVICE,0,0
181,0,1,18,1,True,True,True,1579811849,False,IN_SERVICE,0,0
182,0,0,20,0,True,True,True,1579811898,False,IN_SERVICE,0,0
183,0,1,19,0,True,True,True,1579811845,False,IN_SERVICE,0,0
184,1,0,19,0,True,True,True,1579811928,False,IN_SERVICE,1,0
185,0,0,19,0,True,True,True,1579811933,False,IN_SERVICE,0,0
186,1,0,18,0,True,True,True,1579811908,False,IN_SERVICE,1,0
187,1,2,13,0,True,True,True,1579811826,False,IN_SERVICE,1,0
188,0,0,19,0,True,True,True,1579811837,False,IN_SERVICE,0,0
189,0,1,19,0,True,True,True,1579811901,False,IN_SERVICE,0,0
190,0,0,20,0,True,True,True,1579811916,False,IN_SERVICE,0,0
191,0,1,15,0,True,True,True,1579811945,False,IN_SERVICE,0,0
192,0,0,20,0,True,True,True,1579811901,False,IN_SERVICE,0,0
193,0,0,19,0,True,True,True,1579811913,False,IN_SERVICE,0,0
194,1,1,14,1,True,True,True,1579811976,False,IN_SERVICE,1,0
195,2,1,17,0,True,True,True,1579811922,False,IN_SERVICE,2,0
196,0,0,19,0,True,True,True,1579811950,False,IN_SERVICE,0,0
197,2,0,18,0,True,True,True,1579811804,False,IN_SERVICE,2,0
199,0,2,18,0,True,True,True,1579811914,False,IN_SERVICE,0,0
200,0,0,19,0,True,True,True,1579811809,False,IN_SERVICE,0,0
201,0,2,18,0,True,True,True,1579811966,False,IN_SERVICE,0,0
202,1,1,27,0,True,True,True,1579811798,False,IN_SERVICE,1,0
203,0,0,24,0,True,True,True,1579811956,False,IN_SERVICE,0,0
204,3,1,20,0,True,True,True,1579811809,False,IN_SERVICE,3,0
205,2,0,13,0,True,True,True,1579811832,False,IN_SERVICE,2,0
206,0,0,16,0,True,True,True,1579811906,False,IN_SERVICE,0,0
207,0,0,20,0,True,True,True,1579811746,False,IN_SERVICE,0,0
208,0,1,19,0,True,True,True,1579811763,False,IN_SERVICE,0,0
210,0,0,20,0,True,True,True,1579811926,False,IN_SERVICE,0,0
212,0,0,20,0,True,True,True,1579811818,False,IN_SERVICE,0,0
213,0,1,19,0,True,True,True,1579811896,False,IN_SERVICE,0,0
214,0,1,15,0,True,True,True,1579811948,False,IN_SERVICE,0,0
215,0,0,20,0,True,True,True,1579811966,False,IN_SERVICE,0,0
216,2,0,16,0,True,True,True,1579811920,False,IN_SERVICE,2,0
217,0,0,16,0,True,True,True,1579811872,False,IN_SERVICE,0,0
218,0,0,16,0,True,True,True,1579811774,False,IN_SERVICE,0,0
219,0,2,14,0,True,True,True,1579811756,False,IN_SERVICE,0,0
220,0,0,16,0,True,True,True,1579811771,False,IN_SERVICE,0,0
221,0,0,20,0,True,True,True,1579811914,False,IN_SERVICE,0,0
222,1,0,19,0,True,True,True,1579811737,False,IN_SERVICE,1,0
223,0,2,14,0,True,True,True,1579811738,False,IN_SERVICE,0,0
224,0,0,20,0,True,True,True,1579811956,False,IN_SERVICE,0,0
225,0,0,20,0,True,True,True,1579811911,False,IN_SERVICE,0,0
226,0,0,20,0,True,True,True,1579811719,False,IN_SERVICE,0,0
227,0,0,20,0,True,True,True,1579811822,False,IN_SERVICE,0,0
228,0,0,19,0,True,True,True,1579811975,False,IN_SERVICE,0,0
229,2,0,10,0,True,True,True,1579811943,False,IN_SERVICE,2,0
230,3,0,13,0,True,True,True,1579811960,False,IN_SERVICE,3,0
231,1,1,14,0,True,True,True,1579811885,False,IN_SERVICE,1,0
232,0,0,20,0,True,True,True,1579811848,False,IN_SERVICE,0,0
233,0,0,22,0,True,True,True,1579811858,False,IN_SERVICE,0,0
234,0,0,20,0,True,True,True,1579811839,False,IN_SERVICE,0,0
235,0,0,23,0,True,True,True,1579811937,False,IN_SERVICE,0,0
236,0,0,16,0,True,True,True,1579811734,False,IN_SERVICE,0,0
238,0,1,22,0,True,True,True,1579811851,False,IN_SERVICE,0,0
239,2,0,18,0,True,True,True,1579811877,False,IN_SERVICE,2,0
240,0,0,24,0,True,True,True,1579811748,False,IN_SERVICE,0,0
241,1,1,10,0,True,True,True,1579811792,False,IN_SERVICE,1,0
242,0,2,17,0,True,True,True,1579811975,False,IN_SERVICE,0,0
243,0,0,0,0,True,False,False,0,False,END_OF_LIFE,0,0
244,0,0,19,0,True,True,True,1579811815,False,IN_SERVICE,0,0
245,0,1,14,0,True,True,True,1579811804,False,IN_SERVICE,0,0
246,0,0,14,0,True,True,True,1579811920,False,IN_SERVICE,0,0
247,0,2,16,0,True,True,True,1579811834,False,IN_SERVICE,0,0
248,0,1,19,0,True,True,True,1579811940,False,IN_SERVICE,0,0
249,3,1,11,2,True,True,True,1579811954,False,IN_SERVICE,3,0
253,1,0,18,0,True,True,True,1579811855,False,IN_SERVICE,1,0
254,0,1,15,0,True,True,True,1579811863,False,IN_SERVICE,0,0
255,2,1,13,0,True,True,True,1579811855,False,IN_SERVICE,2,0
256,0,0,20,0,True,True,True,1579811768,False,IN_SERVICE,0,0
257,0,0,24,0,True,True,True,1579811818,False,IN_SERVICE,0,0
258,1,0,15,0,True,True,True,1579811674,False,IN_SERVICE,1,0
259,0,0,15,0,True,True,True,1579811892,False,IN_SERVICE,0,0
260,3,1,14,0,True,True,True,1579811870,False,IN_SERVICE,3,0
261,0,0,15,0,True,True,True,1579811900,False,IN_SERVICE,0,0
262,1,0,15,0,True,True,True,1579811980,False,IN_SERVICE,1,0
263,2,1,9,0,True,True,True,1579811861,False,IN_SERVICE,2,0
264,1,0,15,0,True,True,True,1579811795,False,IN_SERVICE,1,0
267,1,0,10,0,True,True,True,1579811740,False,IN_SERVICE,1,0
268,2,2,24,0,True,True,True,1579811729,False,IN_SERVICE,2,0
269,0,0,18,0,True,True,True,1579811734,False,IN_SERVICE,0,0
270,1,0,15,0,True,True,True,1579811835,False,IN_SERVICE,1,0
271,1,0,19,0,True,True,True,1579811739,False,IN_SERVICE,1,0
272,0,0,20,0,True,True,True,1579811801,False,IN_SERVICE,0,0
273,1,1,12,1,True,True,True,1579811805,False,IN_SERVICE,1,0
274,1,1,22,0,True,True,True,1579811738,False,IN_SERVICE,1,0
275,0,0,20,0,True,True,True,1579811939,False,IN_SERVICE,0,0
276,0,0,16,0,True,True,True,1579811918,False,IN_SERVICE,0,0
277,1,0,11,0,True,True,True,1579811742,False,IN_SERVICE,1,0
278,1,0,15,0,True,True,True,1579811929,False,IN_SERVICE,1,0
279,0,0,20,0,True,True,True,1579811872,False,IN_SERVICE,0,0
280,2,0,21,0,True,True,True,1579811896,False,IN_SERVICE,2,0
281,1,1,22,0,True,True,True,1579811979,False,IN_SERVICE,1,0
282,1,0,19,0,True,True,True,1579811782,False,IN_SERVICE,1,0
283,1,1,18,0,True,True,True,1579811900,False,IN_SERVICE,1,0
284,1,0,17,0,True,True,True,1579811932,False,IN_SERVICE,1,0
285,0,2,17,1,True,True,True,1579811890,False,IN_SERVICE,0,0
286,0,0,16,0,True,True,True,1579811972,False,IN_SERVICE,0,0
287,0,0,18,0,True,True,True,1579811840,False,IN_SERVICE,0,0
289,0,0,24,0,True,True,True,1579811862,False,IN_SERVICE,0,0
290,0,0,20,0,True,True,True,1579811771,False,IN_SERVICE,0,0
291,0,0,16,0,True,True,True,1579811771,False,IN_SERVICE,0,0
292,0,0,20,0,True,True,True,1579811972,False,IN_SERVICE,0,0
293,0,0,16,0,True,True,True,1579811831,False,IN_SERVICE,0,0
294,0,1,18,0,True,True,True,1579811846,False,IN_SERVICE,0,0
295,2,0,18,1,True,True,True,1579811872,False,IN_SERVICE,2,0
296,0,0,16,0,True,True,True,1579811797,False,IN_SERVICE,0,0
297,0,0,16,0,True,True,True,1579811893,False,IN_SERVICE,0,0
298,0,1,14,0,True,True,True,1579811939,False,IN_SERVICE,0,0
299,0,1,19,1,True,True,True,1579811952,False,IN_SERVICE,0,0
300,2,0,18,1,True,True,True,1579811820,False,IN_SERVICE,2,0
303,0,1,19,0,True,True,True,1579811729,False,IN_SERVICE,0,0
304,0,2,13,0,True,True,True,1579811760,False,IN_SERVICE,0,0
305,0,0,16,0,True,True,True,1579811911,False,IN_SERVICE,0,0
306,0,0,20,0,True,True,True,1579811916,False,IN_SERVICE,0,0
308,0,0,19,0,True,True,True,1579811814,False,IN_SERVICE,0,0
309,0,1,19,0,True,True,True,1579811891,False,IN_SERVICE,0,0
310,1,1,14,0,True,True,True,1579811778,False,IN_SERVICE,1,0
311,1,2,17,1,True,True,True,1579811880,False,IN_SERVICE,1,0
312,0,0,20,1,True,True,True,1579811978,False,IN_SERVICE,0,0
313,0,0,20,0,True,True,True,1579811914,False,IN_SERVICE,0,0
314,0,0,14,0,True,True,True,1579811825,False,IN_SERVICE,0,0
315,0,0,0,0,True,False,False,0,False,END_OF_LIFE,0,0
316,0,0,16,0,True,True,True,1579811798,False,IN_SERVICE,0,0
317,0,1,19,0,True,True,True,1579811920,False,IN_SERVICE,0,0
318,0,0,20,0,True,True,True,1579811746,False,IN_SERVICE,0,0
319,1,0,19,1,True,True,True,1579811793,False,IN_SERVICE,1,0
320,0,0,20,0,True,True,True,1579811874,False,IN_SERVICE,0,0
321,0,1,15,0,True,True,True,1579811891,False,IN_SERVICE,0,0
322,0,1,19,0,True,True,True,1579811835,False,IN_SERVICE,0,0
323,0,0,24,0,True,True,True,1579811914,False,IN_SERVICE,0,0
324,0,0,16,0,True,True,True,1579811952,False,IN_SERVICE,0,0
328,0,0,16,0,True,True,True,1579811979,False,IN_SERVICE,0,0
329,0,0,19,0,True,True,True,1579811829,False,IN_SERVICE,0,0
330,0,0,16,2,True,True,True,1579811739,False,IN_SERVICE,0,0
331,0,0,0,0,True,False,False,0,False,END_OF_LIFE,0,0
332,0,1,15,0,True,True,True,1579811950,False,IN_SERVICE,0,0
333,0,2,18,0,True,True,True,1579811848,False,IN_SERVICE,0,0
334,0,0,0,0,True,False,False,0,False,END_OF_LIFE,0,0
335,0,1,19,0,True,True,True,1579811937,False,IN_SERVICE,0,0
336,2,0,25,0,True,True,True,1579811912,False,IN_SERVICE,2,0
337,0,0,16,0,True,True,True,1579811870,False,IN_SERVICE,0,0
338,0,0,16,0,True,True,True,1579811941,False,IN_SERVICE,0,0
339,0,1,15,0,True,True,True,1579811842,False,IN_SERVICE,0,0
340,1,1,9,0,True,True,True,1579811814,False,IN_SERVICE,1,0
341,0,0,15,0,True,True,True,1579811825,False,IN_SERVICE,0,0
342,2,0,18,1,True,True,True,1579811972,False,IN_SERVICE,2,0
343,3,3,13,0,True,True,True,1579811974,False,IN_SERVICE,3,0
344,0,0,0,0,True,False,False,0,False,END_OF_LIFE,0,0
345,0,0,20,0,True,True,True,1579811969,False,IN_SERVICE,0,0
346,0,0,0,0,True,False,False,0,False,END_OF_LIFE,0,0
347,0,0,20,0,True,True,True,1579811861,False,IN_SERVICE,0,0
348,2,0,14,1,True,True,True,1579811808,False,IN_SERVICE,2,0
349,0,0,20,0,True,True,True,1579811790,False,IN_SERVICE,0,0
350,1,0,18,0,True,True,True,1579811899,False,IN_SERVICE,1,0
351,0,1,15,0,True,True,True,1579811933,False,IN_SERVICE,0,0
352,0,2,24,0,True,True,True,1579811869,False,IN_SERVICE,0,0
353,0,0,20,0,True,True,True,1579811880,False,IN_SERVICE,0,0
354,0,0,20,0,True,True,True,1579811797,False,IN_SERVICE,0,0
355,0,0,16,0,True,True,True,1579811915,False,IN_SERVICE,0,0
356,0,0,15,0,True,True,True,1579811978,False,IN_SERVICE,0,0
357,0,0,0,0,True,False,False,0,False,END_OF_LIFE,0,0
358,0,0,12,0,True,True,True,1579811972,False,IN_SERVICE,0,0
359,1,0,19,0,True,True,True,1579811931,False,IN_SERVICE,1,0
360,0,0,0,0,True,False,False,0,False,END_OF_LIFE,0,0
361,1,0,19,0,True,True,True,1579811899,False,IN_SERVICE,1,0
362,0,0,15,0,True,True,True,1579811912,False,IN_SERVICE,0,0
364,0,2,22,1,True,True,True,1579811791,False,IN_SERVICE,0,0
365,0,0,0,0,True,False,False,0,False,END_OF_LIFE,0,0
366,0,0,20,0,True,True,True,1579811956,False,IN_SERVICE,0,0
367,0,1,15,0,True,True,True,1579811867,False,IN_SERVICE,0,0
369,1,0,19,0,True,True,True,1579811743,False,IN_SERVICE,1,0
370,1,1,18,0,True,True,True,1579811818,False,IN_SERVICE,1,0
371,0,0,16,1,True,True,True,1579811908,False,IN_SERVICE,0,0
372,0,0,12,0,True,True,True,1579811772,False,IN_SERVICE,0,0
373,0,0,16,0,True,True,True,1579811885,False,IN_SERVICE,0,0
375,1,0,15,0,True,True,True,1579811913,False,IN_SERVICE,1,0
376,1,0,19,0,True,True,True,1579811771,False,IN_SERVICE,1,0
377,0,2,14,0,True,True,True,1579811852,False,IN_SERVICE,0,0
378,0,1,19,0,True,True,True,1579811841,False,IN_SERVICE,0,0
379,0,0,20,0,True,True,True,1579811958,False,IN_SERVICE,0,0
380,0,0,19,0,True,True,True,1579811741,False,IN_SERVICE,0,0
381,0,0,15,0,True,True,True,1579811923,False,IN_SERVICE,0,0
382,0,0,16,0,True,True,True,1579811795,False,IN_SERVICE,0,0
383,0,2,16,0,True,True,True,1579811882,False,IN_SERVICE,0,0
384,0,1,15,0,True,True,True,1579811847,False,IN_SERVICE,0,0
385,0,2,13,1,True,True,True,1579811878,False,IN_SERVICE,0,0
386,4,0,4,0,True,True,True,1579811898,False,IN_SERVICE,4,0
387,0,0,16,0,True,True,True,1579811801,False,IN_SERVICE,0,0
388,2,0,17,0,True,True,True,1579811897,False,IN_SERVICE,2,0
389,0,0,19,0,True,True,True,1579811849,False,IN_SERVICE,0,0
390,1,0,19,0,True,True,True,1579811771,False,IN_SERVICE,1,0
391,1,0,19,0,True,True,True,1579811786,False,IN_SERVICE,1,0
392,2,1,13,0,True,True,True,1579811907,False,IN_SERVICE,2,0
393,1,3,8,0,True,True,True,1579811932,False,IN_SERVICE,1,0
395,0,0,16,0,True,True,True,1579811877,False,IN_SERVICE,0,0
396,0,0,20,0,True,True,True,1579811945,False,IN_SERVICE,0,0
397,1,3,8,0,True,True,True,1579811835,False,IN_SERVICE,1,0
398,0,0,16,0,True,True,True,1579811732,False,IN_SERVICE,0,0
400,0,1,15,1,True,True,True,1579811947,False,IN_SERVICE,0,0
401,0,0,20,0,True,True,True,1579811847,False,IN_SERVICE,0,0
402,0,0,16,0,True,True,True,1579811918,False,IN_SERVICE,0,0
403,0,1,18,0,True,True,True,1579811836,False,IN_SERVICE,0,0
404,0,1,17,0,True,True,True,1579811757,False,IN_SERVICE,0,0
405,1,1,18,0,True,True,True,1579811978,False,IN_SERVICE,1,0
406,0,0,16,0,True,True,True,1579811896,False,IN_SERVICE,0,0
407,2,1,25,1,True,True,True,1579811736,False,IN_SERVICE,2,0
408,4,0,16,0,True,True,True,1579811815,False,IN_SERVICE,4,0
409,2,1,5,0,True,True,True,1579811779,False,IN_SERVICE,2,0
411,0,0,12,0,True,True,True,1579811946,False,IN_SERVICE,0,0
412,8,0,8,4,True,True,True,1579811849,False,IN_SERVICE,8,0
413,2,0,14,2,True,True,True,1579811945,False,IN_SERVICE,2,0
414,0,0,19,0,True,True,True,1579811884,False,IN_SERVICE,0,0
415,1,1,18,0,True,True,True,1579811977,False,IN_SERVICE,1,0
416,0,0,28,0,True,True,True,1579811905,False,IN_SERVICE,0,0
417,0,1,19,0,True,True,True,1579811876,False,IN_SERVICE,0,0
418,0,0,20,1,True,True,True,1579811847,False,IN_SERVICE,0,0
419,0,1,27,0,True,True,True,1579811745,False,IN_SERVICE,0,0
420,0,1,18,0,True,True,True,1579811862,False,IN_SERVICE,0,0
421,0,0,12,0,True,True,True,1579811647,False,IN_SERVICE,0,0
422,0,0,28,0,True,True,True,1579811885,False,IN_SERVICE,0,0
423,0,1,11,0,True,True,True,1579811592,False,IN_SERVICE,0,0
424,0,0,15,0,True,True,True,1579811747,False,IN_SERVICE,0,0
426,0,0,20,0,True,True,True,1579811721,False,IN_SERVICE,0,0
427,3,2,18,0,True,True,True,1579811846,False,IN_SERVICE,3,0
428,0,1,19,0,True,True,True,1579811885,False,IN_SERVICE,0,0
429,0,4,3,0,True,True,True,1579811829,False,IN_SERVICE,0,0
430,0,1,11,0,True,True,True,1579811936,False,IN_SERVICE,0,0
431,0,1,34,0,True,True,True,1579811933,False,IN_SERVICE,0,0
432,0,0,19,0,True,True,True,1579811865,False,IN_SERVICE,0,0
433,1,0,19,0,True,True,True,1579811929,False,IN_SERVICE,1,0
434,1,0,11,0,True,True,True,1579811933,False,IN_SERVICE,1,0
435,0,0,16,0,True,True,True,1579811948,False,IN_SERVICE,0,0
436,1,1,26,0,True,True,True,1579811762,False,IN_SERVICE,1,0
441,0,1,18,1,True,True,True,1579811848,False,IN_SERVICE,0,0
442,0,0,15,0,True,True,True,1579811957,False,IN_SERVICE,0,0
443,0,1,17,0,True,True,True,1579811854,False,IN_SERVICE,0,0
444,0,0,24,1,True,True,True,1579811784,False,IN_SERVICE,0,0
448,1,2,20,2,True,True,True,1579811832,False,IN_SERVICE,1,0
449,0,0,24,0,True,True,True,1579811826,False,IN_SERVICE,0,0
450,198,0,99,0,True,True,True,1567199965,False,IN_SERVICE,99,99
451,198,0,99,0,True,True,True,1568241592,False,IN_SERVICE,99,99
station_id,num_bikes_available,num_bikes_disabled,num_docks_available,num_docks_disabled,is_installed,is_renting,is_returning,last_reported,is_charging_station,status,num_mechanical_bikes_available,num_ebike_bikes_available
2,0,0,20,0,True,True,True,1579811928,False,IN_SERVICE,0,0
3,0,1,19,0,True,True,True,1579811927,False,IN_SERVICE,0,0
4,0,0,20,1,True,True,True,1579811852,False,IN_SERVICE,0,0
5,1,0,39,0,True,True,True,1579811732,False,IN_SERVICE,1,0
6,1,2,17,1,True,True,True,1579811867,False,IN_SERVICE,1,0
7,0,0,16,0,True,True,True,1579811749,False,IN_SERVICE,0,0
8,0,0,24,0,True,True,True,1579811773,False,IN_SERVICE,0,0
9,1,0,22,0,True,True,True,1579811823,False,IN_SERVICE,1,0
11,0,0,20,0,True,True,True,1579811924,False,IN_SERVICE,0,0
12,0,1,15,0,True,True,True,1579811969,False,IN_SERVICE,0,0
13,0,2,28,0,True,True,True,1579811773,False,IN_SERVICE,0,0
14,1,0,29,0,True,True,True,1579811864,False,IN_SERVICE,1,0
15,2,1,17,0,True,True,True,1579811913,False,IN_SERVICE,2,0
16,0,0,0,0,True,False,False,0,False,END_OF_LIFE,0,0
17,0,2,18,0,True,True,True,1579811956,False,IN_SERVICE,0,0
18,0,0,0,0,True,False,False,0,False,END_OF_LIFE,0,0
19,0,0,24,1,True,True,True,1579811733,False,IN_SERVICE,0,0
20,0,0,20,0,True,True,True,1579811832,False,IN_SERVICE,0,0
21,1,4,19,0,True,True,True,1579811728,False,IN_SERVICE,1,0
22,0,0,19,0,True,True,True,1579811817,False,IN_SERVICE,0,0
23,0,1,10,0,True,True,True,1579811817,False,IN_SERVICE,0,0
24,0,0,17,0,True,True,True,1579811770,False,IN_SERVICE,0,0
25,1,1,22,0,True,True,True,1579811934,False,IN_SERVICE,1,0
26,0,0,24,0,True,True,True,1579811739,False,IN_SERVICE,0,0
27,0,1,14,0,True,True,True,1579811778,False,IN_SERVICE,0,0
28,0,0,20,0,True,True,True,1579811764,False,IN_SERVICE,0,0
29,0,1,29,0,True,True,True,1579811853,False,IN_SERVICE,0,0
30,0,1,19,1,True,True,True,1579811746,False,IN_SERVICE,0,0
31,0,0,20,0,True,True,True,1579811847,False,IN_SERVICE,0,0
32,0,1,15,0,True,True,True,1579811941,False,IN_SERVICE,0,0
33,0,2,18,0,True,True,True,1579811982,False,IN_SERVICE,0,0
34,0,0,0,0,True,False,False,0,False,END_OF_LIFE,0,0
35,0,2,27,2,True,True,True,1579811914,False,IN_SERVICE,0,0
36,0,0,16,0,True,True,True,1579811894,False,IN_SERVICE,0,0
38,0,1,18,0,True,True,True,1579811847,False,IN_SERVICE,0,0
39,0,0,20,0,True,True,True,1579811965,False,IN_SERVICE,0,0
40,0,0,16,0,True,True,True,1579811943,False,IN_SERVICE,0,0
41,1,2,17,1,True,True,True,1579811754,False,IN_SERVICE,1,0
42,1,0,22,0,True,True,True,1579811950,False,IN_SERVICE,1,0
43,2,2,11,0,True,True,True,1579811792,False,IN_SERVICE,2,0
44,1,0,18,0,True,True,True,1579811853,False,IN_SERVICE,1,0
45,0,0,19,0,True,True,True,1579811860,False,IN_SERVICE,0,0
46,0,0,17,0,True,True,True,1579811978,False,IN_SERVICE,0,0
47,0,1,15,0,True,True,True,1579811964,False,IN_SERVICE,0,0
48,1,0,15,1,True,True,True,1579811831,False,IN_SERVICE,1,0
49,0,0,20,0,True,True,True,1579811741,False,IN_SERVICE,0,0
50,0,1,19,0,True,True,True,1579811771,False,IN_SERVICE,0,0
51,0,0,12,0,True,True,True,1579811866,False,IN_SERVICE,0,0
52,0,2,18,0,True,True,True,1579811920,False,IN_SERVICE,0,0
53,0,1,19,0,True,True,True,1579811946,False,IN_SERVICE,0,0
54,0,0,20,0,True,True,True,1579811928,False,IN_SERVICE,0,0
55,0,0,20,0,True,True,True,1579811913,False,IN_SERVICE,0,0
56,0,0,16,0,True,True,True,1579811913,False,IN_SERVICE,0,0
57,0,0,16,0,True,True,True,1579811957,False,IN_SERVICE,0,0
58,1,0,19,0,True,True,True,1579811785,False,IN_SERVICE,1,0
59,0,0,19,0,True,True,True,1579811971,False,IN_SERVICE,0,0
60,0,0,19,0,True,True,True,1579811835,False,IN_SERVICE,0,0
62,0,2,18,1,True,True,True,1579811887,False,IN_SERVICE,0,0
63,0,0,20,0,True,True,True,1579811730,False,IN_SERVICE,0,0
64,0,0,20,0,True,True,True,1579811979,False,IN_SERVICE,0,0
65,0,0,20,1,True,True,True,1579811915,False,IN_SERVICE,0,0
66,0,2,17,0,True,True,True,1579811915,False,IN_SERVICE,0,0
67,0,0,0,0,True,False,False,0,False,END_OF_LIFE,0,0
68,0,0,19,0,True,True,True,1579811818,False,IN_SERVICE,0,0
69,0,0,15,0,True,True,True,1579811755,False,IN_SERVICE,0,0
70,1,0,18,0,True,True,True,1579811811,False,IN_SERVICE,1,0
71,0,1,29,0,True,True,True,1579811838,False,IN_SERVICE,0,0
72,0,1,17,0,True,True,True,1579811785,False,IN_SERVICE,0,0
73,0,0,15,0,True,True,True,1579811979,False,IN_SERVICE,0,0
74,0,0,30,0,True,True,True,1579811966,False,IN_SERVICE,0,0
75,0,2,16,1,True,True,True,1579811810,False,IN_SERVICE,0,0
76,3,0,17,0,True,True,True,1579811883,False,IN_SERVICE,3,0
77,0,0,19,0,True,True,True,1579811859,False,IN_SERVICE,0,0
78,0,1,18,0,True,True,True,1579811759,False,IN_SERVICE,0,0
79,1,0,27,0,True,True,True,1579811736,False,IN_SERVICE,1,0
80,0,0,16,0,True,True,True,1579811851,False,IN_SERVICE,0,0
81,0,0,0,0,True,False,False,0,False,END_OF_LIFE,0,0
82,0,0,20,0,True,True,True,1579811733,False,IN_SERVICE,0,0
83,0,0,20,0,True,True,True,1579811738,False,IN_SERVICE,0,0
84,0,2,18,0,True,True,True,1579811963,False,IN_SERVICE,0,0
85,0,0,20,0,True,True,True,1579811950,False,IN_SERVICE,0,0
86,0,2,18,0,True,True,True,1579811943,False,IN_SERVICE,0,0
87,1,0,13,0,True,True,True,1579811956,False,IN_SERVICE,1,0
88,0,0,19,0,True,True,True,1579811746,False,IN_SERVICE,0,0
89,0,0,18,0,True,True,True,1579811982,False,IN_SERVICE,0,0
90,0,0,20,0,True,True,True,1579811813,False,IN_SERVICE,0,0
91,2,1,17,0,True,True,True,1579811821,False,IN_SERVICE,2,0
92,0,1,19,0,True,True,True,1579811941,False,IN_SERVICE,0,0
93,1,1,18,0,True,True,True,1579811930,False,IN_SERVICE,1,0
94,1,0,29,0,True,True,True,1579811763,False,IN_SERVICE,1,0
95,0,0,16,0,True,True,True,1579811783,False,IN_SERVICE,0,0
96,2,4,14,1,True,True,True,1579811895,False,IN_SERVICE,2,0
98,0,1,15,0,True,True,True,1579811901,False,IN_SERVICE,0,0
99,0,1,19,0,True,True,True,1579811782,False,IN_SERVICE,0,0
100,0,0,0,0,True,False,False,0,False,END_OF_LIFE,0,0
101,4,0,16,0,True,True,True,1579811737,False,IN_SERVICE,4,0
102,0,0,12,0,True,True,True,1579811744,False,IN_SERVICE,0,0
103,0,0,0,0,True,False,False,0,False,END_OF_LIFE,0,0
104,0,3,27,0,True,True,True,1579811777,False,IN_SERVICE,0,0
105,0,2,13,0,True,True,True,1579811947,False,IN_SERVICE,0,0
106,2,0,17,0,True,True,True,1579811890,False,IN_SERVICE,2,0
107,0,1,14,0,True,True,True,1579811987,False,IN_SERVICE,0,0
110,0,0,18,0,True,True,True,1579811972,False,IN_SERVICE,0,0
111,0,2,26,0,True,True,True,1579811890,False,IN_SERVICE,0,0
112,0,0,16,0,True,True,True,1579811833,False,IN_SERVICE,0,0
114,0,0,29,0,True,True,True,1579811719,False,IN_SERVICE,0,0
115,0,2,14,0,True,True,True,1579811959,False,IN_SERVICE,0,0
116,0,0,11,0,True,True,True,1579811769,False,IN_SERVICE,0,0
117,0,0,16,0,True,True,True,1579811732,False,IN_SERVICE,0,0
118,0,1,18,0,True,True,True,1579811920,False,IN_SERVICE,0,0
119,0,1,18,0,True,True,True,1579811737,False,IN_SERVICE,0,0
120,2,0,17,0,True,True,True,1579811842,False,IN_SERVICE,2,0
121,0,1,19,0,True,True,True,1579811956,False,IN_SERVICE,0,0
122,0,0,20,0,True,True,True,1579811930,False,IN_SERVICE,0,0
124,0,0,19,0,True,True,True,1579811871,False,IN_SERVICE,0,0
126,2,0,14,0,True,True,True,1579811970,False,IN_SERVICE,2,0
127,1,2,13,0,True,True,True,1579811849,False,IN_SERVICE,1,0
128,0,0,19,0,True,True,True,1579811969,False,IN_SERVICE,0,0
130,0,2,37,0,True,True,True,1579811830,False,IN_SERVICE,0,0
131,0,1,15,1,True,True,True,1579811949,False,IN_SERVICE,0,0
132,0,2,10,0,True,True,True,1579811733,False,IN_SERVICE,0,0
134,1,1,17,0,True,True,True,1579811759,False,IN_SERVICE,1,0
135,0,1,19,0,True,True,True,1579811764,False,IN_SERVICE,0,0
137,0,2,18,0,True,True,True,1579811857,False,IN_SERVICE,0,0
138,0,0,12,0,True,True,True,1579811936,False,IN_SERVICE,0,0
141,0,0,20,0,True,True,True,1579811832,False,IN_SERVICE,0,0
143,0,1,19,0,True,True,True,1579811900,False,IN_SERVICE,0,0
144,0,0,20,0,True,True,True,1579811903,False,IN_SERVICE,0,0
146,0,1,19,0,True,True,True,1579811978,False,IN_SERVICE,0,0
147,0,0,0,0,True,False,False,0,False,END_OF_LIFE,0,0
149,0,1,15,0,True,True,True,1579811746,False,IN_SERVICE,0,0
150,0,0,30,0,True,True,True,1579811890,False,IN_SERVICE,0,0
151,1,0,22,0,True,True,True,1579811766,False,IN_SERVICE,1,0
152,0,1,19,0,True,True,True,1579811770,False,IN_SERVICE,0,0
153,1,1,14,0,True,True,True,1579811755,False,IN_SERVICE,1,0
154,0,0,20,0,True,True,True,1579811767,False,IN_SERVICE,0,0
155,0,1,18,0,True,True,True,1579811841,False,IN_SERVICE,0,0
156,0,3,17,0,True,True,True,1579811756,False,IN_SERVICE,0,0
158,0,0,20,0,True,True,True,1579811705,False,IN_SERVICE,0,0
161,0,2,18,1,True,True,True,1579811956,False,IN_SERVICE,0,0
162,1,1,18,0,True,True,True,1579811884,False,IN_SERVICE,1,0
163,0,0,30,0,True,True,True,1579811758,False,IN_SERVICE,0,0
164,0,1,18,0,True,True,True,1579811942,False,IN_SERVICE,0,0
165,0,0,12,0,True,True,True,1579811800,False,IN_SERVICE,0,0
166,0,1,19,0,True,True,True,1579811910,False,IN_SERVICE,0,0
167,1,1,14,0,True,True,True,1579811916,False,IN_SERVICE,1,0
168,0,0,16,0,True,True,True,1579811986,False,IN_SERVICE,0,0
169,0,0,11,0,True,True,True,1579811927,False,IN_SERVICE,0,0
170,0,2,18,0,True,True,True,1579811952,False,IN_SERVICE,0,0
171,0,1,19,1,True,True,True,1579811926,False,IN_SERVICE,0,0
172,0,1,15,0,True,True,True,1579811783,False,IN_SERVICE,0,0
173,1,0,14,0,True,True,True,1579811920,False,IN_SERVICE,1,0
174,1,0,18,0,True,True,True,1579811905,False,IN_SERVICE,1,0
175,2,2,32,1,True,True,True,1579811752,False,IN_SERVICE,2,0
176,1,1,18,0,True,True,True,1579811940,False,IN_SERVICE,1,0
177,0,0,12,0,True,True,True,1579811828,False,IN_SERVICE,0,0
180,0,0,20,0,True,True,True,1579811912,False,IN_SERVICE,0,0
181,0,1,18,1,True,True,True,1579811849,False,IN_SERVICE,0,0
182,0,0,20,0,True,True,True,1579811898,False,IN_SERVICE,0,0
183,0,1,19,0,True,True,True,1579811845,False,IN_SERVICE,0,0
184,1,0,19,0,True,True,True,1579811928,False,IN_SERVICE,1,0
185,0,0,19,0,True,True,True,1579811933,False,IN_SERVICE,0,0
186,1,0,18,0,True,True,True,1579811908,False,IN_SERVICE,1,0
187,1,2,13,0,True,True,True,1579811826,False,IN_SERVICE,1,0
188,0,0,19,0,True,True,True,1579811837,False,IN_SERVICE,0,0
189,0,1,19,0,True,True,True,1579811901,False,IN_SERVICE,0,0
190,0,0,20,0,True,True,True,1579811916,False,IN_SERVICE,0,0
191,0,1,15,0,True,True,True,1579811945,False,IN_SERVICE,0,0
192,0,0,20,0,True,True,True,1579811901,False,IN_SERVICE,0,0
193,0,0,19,0,True,True,True,1579811913,False,IN_SERVICE,0,0
194,1,1,14,1,True,True,True,1579811976,False,IN_SERVICE,1,0
195,2,1,17,0,True,True,True,1579811922,False,IN_SERVICE,2,0
196,0,0,19,0,True,True,True,1579811950,False,IN_SERVICE,0,0
197,2,0,18,0,True,True,True,1579811804,False,IN_SERVICE,2,0
199,0,2,18,0,True,True,True,1579811914,False,IN_SERVICE,0,0
200,0,0,19,0,True,True,True,1579811809,False,IN_SERVICE,0,0
201,0,2,18,0,True,True,True,1579811966,False,IN_SERVICE,0,0
202,1,1,27,0,True,True,True,1579811798,False,IN_SERVICE,1,0
203,0,0,24,0,True,True,True,1579811956,False,IN_SERVICE,0,0
204,3,1,20,0,True,True,True,1579811809,False,IN_SERVICE,3,0
205,2,0,13,0,True,True,True,1579811832,False,IN_SERVICE,2,0
206,0,0,16,0,True,True,True,1579811906,False,IN_SERVICE,0,0
207,0,0,20,0,True,True,True,1579811746,False,IN_SERVICE,0,0
208,0,1,19,0,True,True,True,1579811763,False,IN_SERVICE,0,0
210,0,0,20,0,True,True,True,1579811926,False,IN_SERVICE,0,0
212,0,0,20,0,True,True,True,1579811818,False,IN_SERVICE,0,0
213,0,1,19,0,True,True,True,1579811896,False,IN_SERVICE,0,0
214,0,1,15,0,True,True,True,1579811948,False,IN_SERVICE,0,0
215,0,0,20,0,True,True,True,1579811966,False,IN_SERVICE,0,0
216,2,0,16,0,True,True,True,1579811920,False,IN_SERVICE,2,0
217,0,0,16,0,True,True,True,1579811872,False,IN_SERVICE,0,0
218,0,0,16,0,True,True,True,1579811774,False,IN_SERVICE,0,0
219,0,2,14,0,True,True,True,1579811756,False,IN_SERVICE,0,0
220,0,0,16,0,True,True,True,1579811771,False,IN_SERVICE,0,0
221,0,0,20,0,True,True,True,1579811914,False,IN_SERVICE,0,0
222,1,0,19,0,True,True,True,1579811737,False,IN_SERVICE,1,0
223,0,2,14,0,True,True,True,1579811738,False,IN_SERVICE,0,0
224,0,0,20,0,True,True,True,1579811956,False,IN_SERVICE,0,0
225,0,0,20,0,True,True,True,1579811911,False,IN_SERVICE,0,0
226,0,0,20,0,True,True,True,1579811719,False,IN_SERVICE,0,0
227,0,0,20,0,True,True,True,1579811822,False,IN_SERVICE,0,0
228,0,0,19,0,True,True,True,1579811975,False,IN_SERVICE,0,0
229,1,0,11,0,True,True,True,1579811943,False,IN_SERVICE,1,0
230,3,0,13,0,True,True,True,1579811960,False,IN_SERVICE,3,0
231,1,1,14,0,True,True,True,1579811885,False,IN_SERVICE,1,0
232,0,0,20,0,True,True,True,1579811848,False,IN_SERVICE,0,0
233,1,0,21,0,True,True,True,1579811858,False,IN_SERVICE,1,0
234,0,0,20,0,True,True,True,1579811839,False,IN_SERVICE,0,0
235,0,0,23,0,True,True,True,1579811937,False,IN_SERVICE,0,0
236,0,0,16,0,True,True,True,1579811734,False,IN_SERVICE,0,0
238,0,1,22,0,True,True,True,1579811851,False,IN_SERVICE,0,0
239,2,0,18,0,True,True,True,1579811877,False,IN_SERVICE,2,0
240,0,0,24,0,True,True,True,1579811748,False,IN_SERVICE,0,0
241,1,1,10,0,True,True,True,1579811792,False,IN_SERVICE,1,0
242,0,2,17,0,True,True,True,1579811975,False,IN_SERVICE,0,0
243,0,0,0,0,True,False,False,0,False,END_OF_LIFE,0,0
244,0,0,19,0,True,True,True,1579811815,False,IN_SERVICE,0,0
245,0,1,14,0,True,True,True,1579811804,False,IN_SERVICE,0,0
246,0,0,14,0,True,True,True,1579811920,False,IN_SERVICE,0,0
247,0,2,16,0,True,True,True,1579811834,False,IN_SERVICE,0,0
248,0,1,19,0,True,True,True,1579811940,False,IN_SERVICE,0,0
249,3,1,11,2,True,True,True,1579811954,False,IN_SERVICE,3,0
253,1,0,18,0,True,True,True,1579811855,False,IN_SERVICE,1,0
254,0,1,15,0,True,True,True,1579811863,False,IN_SERVICE,0,0
255,2,1,13,0,True,True,True,1579811855,False,IN_SERVICE,2,0
256,0,0,20,0,True,True,True,1579811768,False,IN_SERVICE,0,0
257,0,0,24,0,True,True,True,1579811818,False,IN_SERVICE,0,0
258,1,0,15,0,True,True,True,1579811674,False,IN_SERVICE,1,0
259,0,0,15,0,True,True,True,1579811892,False,IN_SERVICE,0,0
260,3,1,14,0,True,True,True,1579811870,False,IN_SERVICE,3,0
261,0,0,15,0,True,True,True,1579811900,False,IN_SERVICE,0,0
262,1,0,15,0,True,True,True,1579811980,False,IN_SERVICE,1,0
263,2,1,9,0,True,True,True,1579811861,False,IN_SERVICE,2,0
264,1,0,15,0,True,True,True,1579811795,False,IN_SERVICE,1,0
267,1,0,10,0,True,True,True,1579811740,False,IN_SERVICE,1,0
268,2,2,24,0,True,True,True,1579811986,False,IN_SERVICE,2,0
269,0,0,18,0,True,True,True,1579811734,False,IN_SERVICE,0,0
270,1,0,15,0,True,True,True,1579811835,False,IN_SERVICE,1,0
271,1,0,19,0,True,True,True,1579811739,False,IN_SERVICE,1,0
272,0,0,20,0,True,True,True,1579811801,False,IN_SERVICE,0,0
273,1,1,12,1,True,True,True,1579811805,False,IN_SERVICE,1,0
274,1,1,22,0,True,True,True,1579811738,False,IN_SERVICE,1,0
275,0,0,20,0,True,True,True,1579811939,False,IN_SERVICE,0,0
276,0,0,16,0,True,True,True,1579811918,False,IN_SERVICE,0,0
277,1,0,11,0,True,True,True,1579811742,False,IN_SERVICE,1,0
278,1,0,15,0,True,True,True,1579811929,False,IN_SERVICE,1,0
279,0,0,20,0,True,True,True,1579811872,False,IN_SERVICE,0,0
280,2,0,21,0,True,True,True,1579811896,False,IN_SERVICE,2,0
281,1,1,22,0,True,True,True,1579811979,False,IN_SERVICE,1,0
282,1,0,19,0,True,True,True,1579811782,False,IN_SERVICE,1,0
283,1,1,18,0,True,True,True,1579811900,False,IN_SERVICE,1,0
284,1,0,17,0,True,True,True,1579811932,False,IN_SERVICE,1,0
285,0,2,17,1,True,True,True,1579811890,False,IN_SERVICE,0,0
286,0,0,16,0,True,True,True,1579811972,False,IN_SERVICE,0,0
287,0,0,18,0,True,True,True,1579811840,False,IN_SERVICE,0,0
289,0,0,24,0,True,True,True,1579811862,False,IN_SERVICE,0,0
290,0,0,20,0,True,True,True,1579811771,False,IN_SERVICE,0,0
291,0,0,16,0,True,True,True,1579811771,False,IN_SERVICE,0,0
292,0,0,20,0,True,True,True,1579811972,False,IN_SERVICE,0,0
293,0,0,16,0,True,True,True,1579811831,False,IN_SERVICE,0,0
294,0,1,18,0,True,True,True,1579811846,False,IN_SERVICE,0,0
295,2,0,18,1,True,True,True,1579811872,False,IN_SERVICE,2,0
296,0,0,16,0,True,True,True,1579811797,False,IN_SERVICE,0,0
297,0,0,16,0,True,True,True,1579811893,False,IN_SERVICE,0,0
298,0,1,14,0,True,True,True,1579811939,False,IN_SERVICE,0,0
299,0,1,19,1,True,True,True,1579811952,False,IN_SERVICE,0,0
300,2,0,18,1,True,True,True,1579811820,False,IN_SERVICE,2,0
303,0,1,19,0,True,True,True,1579811987,False,IN_SERVICE,0,0
304,0,2,13,0,True,True,True,1579811760,False,IN_SERVICE,0,0
305,0,0,16,0,True,True,True,1579811911,False,IN_SERVICE,0,0
306,0,0,20,0,True,True,True,1579811916,False,IN_SERVICE,0,0
308,0,0,19,0,True,True,True,1579811814,False,IN_SERVICE,0,0
309,0,1,19,0,True,True,True,1579811891,False,IN_SERVICE,0,0
310,1,1,14,0,True,True,True,1579811778,False,IN_SERVICE,1,0
311,1,2,17,1,True,True,True,1579811880,False,IN_SERVICE,1,0
312,0,0,20,1,True,True,True,1579811978,False,IN_SERVICE,0,0
313,0,0,20,0,True,True,True,1579811914,False,IN_SERVICE,0,0
314,0,0,14,0,True,True,True,1579811825,False,IN_SERVICE,0,0
315,0,0,0,0,True,False,False,0,False,END_OF_LIFE,0,0
316,0,0,16,0,True,True,True,1579811798,False,IN_SERVICE,0,0
317,0,1,19,0,True,True,True,1579811920,False,IN_SERVICE,0,0
318,0,0,20,0,True,True,True,1579811746,False,IN_SERVICE,0,0
319,1,0,19,1,True,True,True,1579811793,False,IN_SERVICE,1,0
320,0,0,20,0,True,True,True,1579811874,False,IN_SERVICE,0,0
321,0,1,15,0,True,True,True,1579811891,False,IN_SERVICE,0,0
322,0,1,19,0,True,True,True,1579811835,False,IN_SERVICE,0,0
323,0,0,24,0,True,True,True,1579811914,False,IN_SERVICE,0,0
324,0,0,16,0,True,True,True,1579811952,False,IN_SERVICE,0,0
328,0,0,16,0,True,True,True,1579811979,False,IN_SERVICE,0,0
329,0,0,19,0,True,True,True,1579811829,False,IN_SERVICE,0,0
330,0,0,16,2,True,True,True,1579811739,False,IN_SERVICE,0,0
331,0,0,0,0,True,False,False,0,False,END_OF_LIFE,0,0
332,0,1,15,0,True,True,True,1579811950,False,IN_SERVICE,0,0
333,0,2,18,0,True,True,True,1579811848,False,IN_SERVICE,0,0
334,0,0,0,0,True,False,False,0,False,END_OF_LIFE,0,0
335,0,1,19,0,True,True,True,1579811937,False,IN_SERVICE,0,0
336,2,0,25,0,True,True,True,1579811912,False,IN_SERVICE,2,0
337,0,0,16,0,True,True,True,1579811870,False,IN_SERVICE,0,0
338,0,0,16,0,True,True,True,1579811941,False,IN_SERVICE,0,0
339,0,1,15,0,True,True,True,1579811842,False,IN_SERVICE,0,0
340,1,1,9,0,True,True,True,1579811814,False,IN_SERVICE,1,0
341,0,0,15,0,True,True,True,1579811825,False,IN_SERVICE,0,0
342,2,0,18,1,True,True,True,1579811972,False,IN_SERVICE,2,0
343,3,3,13,0,True,True,True,1579811974,False,IN_SERVICE,3,0
344,0,0,0,0,True,False,False,0,False,END_OF_LIFE,0,0
345,0,0,20,0,True,True,True,1579811969,False,IN_SERVICE,0,0
346,0,0,0,0,True,False,False,0,False,END_OF_LIFE,0,0
347,0,0,20,0,True,True,True,1579811861,False,IN_SERVICE,0,0
348,2,0,14,1,True,True,True,1579811808,False,IN_SERVICE,2,0
349,0,0,20,0,True,True,True,1579811790,False,IN_SERVICE,0,0
350,1,0,18,0,True,True,True,1579811899,False,IN_SERVICE,1,0
351,0,1,15,0,True,True,True,1579811933,False,IN_SERVICE,0,0
352,0,2,24,0,True,True,True,1579811869,False,IN_SERVICE,0,0
353,0,0,20,0,True,True,True,1579811880,False,IN_SERVICE,0,0
354,0,0,20,0,True,True,True,1579811797,False,IN_SERVICE,0,0
355,0,0,16,0,True,True,True,1579811915,False,IN_SERVICE,0,0
356,0,0,15,0,True,True,True,1579811978,False,IN_SERVICE,0,0
357,0,0,0,0,True,False,False,0,False,END_OF_LIFE,0,0
358,0,0,12,0,True,True,True,1579811972,False,IN_SERVICE,0,0
359,1,0,19,0,True,True,True,1579811931,False,IN_SERVICE,1,0
360,0,0,0,0,True,False,False,0,False,END_OF_LIFE,0,0
361,1,0,19,0,True,True,True,1579811899,False,IN_SERVICE,1,0
362,0,0,15,0,True,True,True,1579811912,False,IN_SERVICE,0,0
364,0,2,22,1,True,True,True,1579811791,False,IN_SERVICE,0,0
365,0,0,0,0,True,False,False,0,False,END_OF_LIFE,0,0
366,0,0,20,0,True,True,True,1579811956,False,IN_SERVICE,0,0
367,0,1,15,0,True,True,True,1579811867,False,IN_SERVICE,0,0
369,1,0,19,0,True,True,True,1579811743,False,IN_SERVICE,1,0
370,1,1,18,0,True,True,True,1579811818,False,IN_SERVICE,1,0
371,0,0,16,1,True,True,True,1579811908,False,IN_SERVICE,0,0
372,0,0,12,0,True,True,True,1579811772,False,IN_SERVICE,0,0
373,0,0,16,0,True,True,True,1579811885,False,IN_SERVICE,0,0
375,1,0,15,0,True,True,True,1579811913,False,IN_SERVICE,1,0
376,1,0,19,0,True,True,True,1579811771,False,IN_SERVICE,1,0
377,0,2,14,0,True,True,True,1579811852,False,IN_SERVICE,0,0
378,0,1,19,0,True,True,True,1579811841,False,IN_SERVICE,0,0
379,0,0,20,0,True,True,True,1579811958,False,IN_SERVICE,0,0
380,0,0,19,0,True,True,True,1579811741,False,IN_SERVICE,0,0
381,0,0,15,0,True,True,True,1579811923,False,IN_SERVICE,0,0
382,0,0,16,0,True,True,True,1579811795,False,IN_SERVICE,0,0
383,0,2,16,0,True,True,True,1579811882,False,IN_SERVICE,0,0
384,0,1,15,0,True,True,True,1579811847,False,IN_SERVICE,0,0
385,0,2,13,1,True,True,True,1579811878,False,IN_SERVICE,0,0
386,4,0,4,0,True,True,True,1579811898,False,IN_SERVICE,4,0
387,0,0,16,0,True,True,True,1579811801,False,IN_SERVICE,0,0
388,2,0,17,0,True,True,True,1579811897,False,IN_SERVICE,2,0
389,0,0,19,0,True,True,True,1579811849,False,IN_SERVICE,0,0
390,1,0,19,0,True,True,True,1579811771,False,IN_SERVICE,1,0
391,1,0,19,0,True,True,True,1579811786,False,IN_SERVICE,1,0
392,2,1,13,0,True,True,True,1579811907,False,IN_SERVICE,2,0
393,1,3,8,0,True,True,True,1579811932,False,IN_SERVICE,1,0
395,0,0,16,0,True,True,True,1579811877,False,IN_SERVICE,0,0
396,0,0,20,0,True,True,True,1579811945,False,IN_SERVICE,0,0
397,1,3,8,0,True,True,True,1579811835,False,IN_SERVICE,1,0
398,0,0,16,0,True,True,True,1579811988,False,IN_SERVICE,0,0
400,0,1,15,1,True,True,True,1579811947,False,IN_SERVICE,0,0
401,0,0,20,0,True,True,True,1579811847,False,IN_SERVICE,0,0
402,0,0,16,0,True,True,True,1579811918,False,IN_SERVICE,0,0
403,0,1,18,0,True,True,True,1579811836,False,IN_SERVICE,0,0
404,0,1,17,0,True,True,True,1579811757,False,IN_SERVICE,0,0
405,1,1,18,0,True,True,True,1579811978,False,IN_SERVICE,1,0
406,0,0,16,0,True,True,True,1579811896,False,IN_SERVICE,0,0
407,2,1,25,1,True,True,True,1579811736,False,IN_SERVICE,2,0
408,4,0,16,0,True,True,True,1579811815,False,IN_SERVICE,4,0
409,2,1,5,0,True,True,True,1579811779,False,IN_SERVICE,2,0
411,0,0,12,0,True,True,True,1579811946,False,IN_SERVICE,0,0
412,8,0,8,4,True,True,True,1579811849,False,IN_SERVICE,8,0
413,2,0,14,2,True,True,True,1579811945,False,IN_SERVICE,2,0
414,0,0,19,0,True,True,True,1579811884,False,IN_SERVICE,0,0
415,1,1,18,0,True,True,True,1579811977,False,IN_SERVICE,1,0
416,0,0,28,0,True,True,True,1579811905,False,IN_SERVICE,0,0
417,0,1,19,0,True,True,True,1579811876,False,IN_SERVICE,0,0
418,0,0,20,1,True,True,True,1579811847,False,IN_SERVICE,0,0
419,0,1,27,0,True,True,True,1579811745,False,IN_SERVICE,0,0
420,0,1,18,0,True,True,True,1579811862,False,IN_SERVICE,0,0
421,0,0,12,0,True,True,True,1579811647,False,IN_SERVICE,0,0
422,0,0,28,0,True,True,True,1579811885,False,IN_SERVICE,0,0
423,0,1,11,0,True,True,True,1579811592,False,IN_SERVICE,0,0
424,0,0,15,0,True,True,True,1579811747,False,IN_SERVICE,0,0
426,0,0,20,0,True,True,True,1579811721,False,IN_SERVICE,0,0
427,3,2,18,0,True,True,True,1579811846,False,IN_SERVICE,3,0
428,0,1,19,0,True,True,True,1579811885,False,IN_SERVICE,0,0
429,0,4,3,0,True,True,True,1579811829,False,IN_SERVICE,0,0
430,0,1,11,0,True,True,True,1579811936,False,IN_SERVICE,0,0
431,0,1,34,0,True,True,True,1579811933,False,IN_SERVICE,0,0
432,0,0,19,0,True,True,True,1579811865,False,IN_SERVICE,0,0
433,1,0,19,0,True,True,True,1579811929,False,IN_SERVICE,1,0
434,1,0,11,0,True,True,True,1579811933,False,IN_SERVICE,1,0
435,0,0,16,0,True,True,True,1579811948,False,IN_SERVICE,0,0
436,1,1,26,0,True,True,True,1579811762,False,IN_SERVICE,1,0
441,0,1,18,1,True,True,True,1579811848,False,IN_SERVICE,0,0
442,0,0,15,0,True,True,True,1579811957,False,IN_SERVICE,0,0
443,0,1,17,0,True,True,True,1579811854,False,IN_SERVICE,0,0
444,0,0,24,1,True,True,True,1579811784,False,IN_SERVICE,0,0
448,1,2,20,2,True,True,True,1579811832,False,IN_SERVICE,1,0
449,0,0,24,0,True,True,True,1579811826,False,IN_SERVICE,0,0
450,198,0,99,0,True,True,True,1567199965,False,IN_SERVICE,99,99
451,198,0,99,0,True,True,True,1568241592,False,IN_SERVICE,99,99
station_id,num_bikes_available,num_bikes_disabled,num_docks_available,num_docks_disabled,is_installed,is_renting,is_returning,last_reported,is_charging_station,status,num_mechanical_bikes_available,num_ebikes_available
2,0,0,20,0,True,True,True,1579965197,False,IN_SERVICE,0,0
3,0,0,20,0,True,True,True,1579965178,False,IN_SERVICE,0,0
4,0,0,20,1,True,True,True,1579965305,False,IN_SERVICE,0,0
5,1,1,38,0,True,True,True,1579965184,False,IN_SERVICE,1,0
6,2,0,18,0,True,True,True,1579965079,False,IN_SERVICE,2,0
7,0,0,16,0,True,True,True,1579965223,False,IN_SERVICE,0,0
8,0,0,24,0,True,True,True,1579965086,False,IN_SERVICE,0,0
9,1,0,22,0,True,True,True,1579965095,False,IN_SERVICE,1,0
11,0,1,19,0,True,True,True,1579965169,False,IN_SERVICE,0,0
12,1,1,14,0,True,True,True,1579965095,False,IN_SERVICE,1,0
13,1,1,28,0,True,True,True,1579965227,False,IN_SERVICE,1,0
14,1,0,29,0,True,True,True,1579965207,False,IN_SERVICE,1,0
15,1,0,19,1,True,True,True,1579965118,False,IN_SERVICE,1,0
16,0,0,0,0,True,False,False,0,False,END_OF_LIFE,0,0
17,0,2,18,0,True,True,True,1579965288,False,IN_SERVICE,0,0
18,0,0,0,0,True,False,False,0,False,END_OF_LIFE,0,0
19,1,1,22,1,True,True,True,1579965203,False,IN_SERVICE,1,0
20,0,0,20,0,True,True,True,1579965122,False,IN_SERVICE,0,0
21,0,1,23,0,True,True,True,1579965215,False,IN_SERVICE,0,0
22,0,0,19,0,True,True,True,1579965125,False,IN_SERVICE,0,0
23,0,0,11,0,True,True,True,1579965192,False,IN_SERVICE,0,0
24,0,0,17,0,True,True,True,1579965092,False,IN_SERVICE,0,0
25,0,0,24,0,True,True,True,1579965231,False,IN_SERVICE,0,0
26,0,0,24,0,True,True,True,1579965094,False,IN_SERVICE,0,0
27,0,1,14,0,True,True,True,1579965270,False,IN_SERVICE,0,0
28,0,0,20,0,True,True,True,1579965264,False,IN_SERVICE,0,0
29,0,0,30,0,True,True,True,1579965148,False,IN_SERVICE,0,0
30,0,1,19,0,True,True,True,1579965070,False,IN_SERVICE,0,0
31,0,0,20,0,True,True,True,1579965112,False,IN_SERVICE,0,0
32,0,0,16,0,True,True,True,1579965123,False,IN_SERVICE,0,0
33,0,0,20,0,True,True,True,1579965178,False,IN_SERVICE,0,0
34,0,0,0,0,True,False,False,0,False,END_OF_LIFE,0,0
35,0,1,28,2,True,True,True,1579965209,False,IN_SERVICE,0,0
36,0,0,16,0,True,True,True,1579965142,False,IN_SERVICE,0,0
38,0,0,19,0,True,True,True,1579965112,False,IN_SERVICE,0,0
39,1,0,19,0,True,True,True,1579965134,False,IN_SERVICE,1,0
40,0,0,16,0,True,True,True,1579965182,False,IN_SERVICE,0,0
41,0,0,20,0,True,True,True,1579965092,False,IN_SERVICE,0,0
42,1,0,22,0,True,True,True,1579965190,False,IN_SERVICE,1,0
43,3,1,11,1,True,True,True,1579965164,False,IN_SERVICE,3,0
44,1,1,17,0,True,True,True,1579965131,False,IN_SERVICE,1,0
45,0,0,19,0,True,True,True,1579965263,False,IN_SERVICE,0,0
46,0,0,17,0,True,True,True,1579965287,False,IN_SERVICE,0,0
47,0,1,15,0,True,True,True,1579965226,False,IN_SERVICE,0,0
48,2,0,14,1,True,True,True,1579965326,False,IN_SERVICE,2,0
49,0,0,20,0,True,True,True,1579965270,False,IN_SERVICE,0,0
50,0,0,20,0,True,True,True,1579965139,False,IN_SERVICE,0,0
51,0,1,11,0,True,True,True,1579965236,False,IN_SERVICE,0,0
52,0,0,20,0,True,True,True,1579965326,False,IN_SERVICE,0,0
53,0,0,20,0,True,True,True,1579965263,False,IN_SERVICE,0,0
54,0,1,19,1,True,True,True,1579965310,False,IN_SERVICE,0,0
55,2,0,18,0,True,True,True,1579965155,False,IN_SERVICE,2,0
56,0,0,16,0,True,True,True,1579965258,False,IN_SERVICE,0,0
57,0,0,16,0,True,True,True,1579965217,False,IN_SERVICE,0,0
58,1,0,19,0,True,True,True,1579965315,False,IN_SERVICE,1,0
59,0,1,18,0,True,True,True,1579965295,False,IN_SERVICE,0,0
60,0,2,17,1,True,True,True,1579965189,False,IN_SERVICE,0,0
62,0,1,19,0,True,True,True,1579965094,False,IN_SERVICE,0,0
63,0,1,19,0,True,True,True,1579965297,False,IN_SERVICE,0,0
64,0,0,20,0,True,True,True,1579965088,False,IN_SERVICE,0,0
65,0,0,20,1,True,True,True,1579965144,False,IN_SERVICE,0,0
66,1,3,15,0,True,True,True,1579965329,False,IN_SERVICE,1,0
67,0,0,0,0,True,False,False,0,False,END_OF_LIFE,0,0
68,0,0,19,0,True,True,True,1579965258,False,IN_SERVICE,0,0
69,0,0,15,0,True,True,True,1579965177,False,IN_SERVICE,0,0
70,3,0,16,2,True,True,True,1579965121,False,IN_SERVICE,3,0
71,0,1,29,1,True,True,True,1579965185,False,IN_SERVICE,0,0
72,0,0,18,0,True,True,True,1579965254,False,IN_SERVICE,0,0
73,2,1,12,0,True,True,True,1579965213,False,IN_SERVICE,2,0
74,0,1,29,0,True,True,True,1579965256,False,IN_SERVICE,0,0
75,1,1,16,1,True,True,True,1579965252,False,IN_SERVICE,1,0
76,0,0,20,0,True,True,True,1579965102,False,IN_SERVICE,0,0
77,0,0,19,0,True,True,True,1579965207,False,IN_SERVICE,0,0
78,0,0,19,0,True,True,True,1579965243,False,IN_SERVICE,0,0
79,1,0,27,0,True,True,True,1579965324,False,IN_SERVICE,1,0
80,0,0,16,0,True,True,True,1579965175,False,IN_SERVICE,0,0
81,0,0,0,0,True,False,False,0,False,END_OF_LIFE,0,0
82,0,1,19,0,True,True,True,1579965239,False,IN_SERVICE,0,0
83,1,0,19,0,True,True,True,1579965217,False,IN_SERVICE,1,0
84,0,1,19,0,True,True,True,1579965258,False,IN_SERVICE,0,0
85,0,1,19,0,True,True,True,1579965126,False,IN_SERVICE,0,0
86,1,1,18,0,True,True,True,1579965257,False,IN_SERVICE,1,0
87,1,2,11,2,True,True,True,1579965109,False,IN_SERVICE,1,0
88,0,0,19,0,True,True,True,1579965237,False,IN_SERVICE,0,0
89,0,0,18,0,True,True,True,1579965198,False,IN_SERVICE,0,0
90,0,2,18,0,True,True,True,1579965138,False,IN_SERVICE,0,0
91,0,0,20,0,True,True,True,1579965127,False,IN_SERVICE,0,0
92,0,1,19,0,True,True,True,1579965174,False,IN_SERVICE,0,0
93,0,3,17,0,True,True,True,1579965121,False,IN_SERVICE,0,0
94,0,1,29,0,True,True,True,1579965130,False,IN_SERVICE,0,0
95,1,0,15,0,True,True,True,1579965165,False,IN_SERVICE,1,0
96,2,1,17,0,True,True,True,1579965183,False,IN_SERVICE,2,0
98,0,1,15,0,True,True,True,1579965213,False,IN_SERVICE,0,0
99,4,1,15,0,True,True,True,1579965290,False,IN_SERVICE,4,0
100,0,0,0,0,True,False,False,0,False,END_OF_LIFE,0,0
101,2,2,16,1,True,True,True,1579965148,False,IN_SERVICE,2,0
102,0,2,10,0,True,True,True,1579965119,False,IN_SERVICE,0,0
103,0,0,0,0,True,False,False,0,False,END_OF_LIFE,0,0
104,1,3,26,0,True,True,True,1579965197,False,IN_SERVICE,1,0
105,0,0,15,0,True,True,True,1579965311,False,IN_SERVICE,0,0
106,0,0,19,0,True,True,True,1579965180,False,IN_SERVICE,0,0
107,0,0,15,0,True,True,True,1579965116,False,IN_SERVICE,0,0
110,1,1,16,0,True,True,True,1579965114,False,IN_SERVICE,1,0
111,1,0,27,0,True,True,True,1579965315,False,IN_SERVICE,1,0
112,0,1,15,0,True,True,True,1579965130,False,IN_SERVICE,0,0
114,0,0,29,0,True,True,True,1579965320,False,IN_SERVICE,0,0
115,1,0,15,0,True,True,True,1579965115,False,IN_SERVICE,1,0
116,2,0,9,0,True,True,True,1579965135,False,IN_SERVICE,2,0
117,0,2,14,0,True,True,True,1579965109,False,IN_SERVICE,0,0
118,1,1,17,0,True,True,True,1579965277,False,IN_SERVICE,1,0
119,0,0,19,0,True,True,True,1579965101,False,IN_SERVICE,0,0
120,2,0,17,0,True,True,True,1579965150,False,IN_SERVICE,2,0
121,1,1,18,0,True,True,True,1579965275,False,IN_SERVICE,1,0
122,0,0,20,0,True,True,True,1579965221,False,IN_SERVICE,0,0
124,0,3,16,0,True,True,True,1579965132,False,IN_SERVICE,0,0
126,1,1,14,0,True,True,True,1579965125,False,IN_SERVICE,1,0
127,1,0,15,0,True,True,True,1579965105,False,IN_SERVICE,1,0
128,0,0,19,0,True,True,True,1579965281,False,IN_SERVICE,0,0
130,3,0,36,0,True,True,True,1579965198,False,IN_SERVICE,3,0
131,0,1,15,1,True,True,True,1579965121,False,IN_SERVICE,0,0
132,1,0,11,0,True,True,True,1579965178,False,IN_SERVICE,1,0
134,1,0,18,0,True,True,True,1579965149,False,IN_SERVICE,1,0
135,0,0,20,0,True,True,True,1579965076,False,IN_SERVICE,0,0
137,0,0,20,0,True,True,True,1579965123,False,IN_SERVICE,0,0
138,0,3,9,0,True,True,True,1579965328,False,IN_SERVICE,0,0
141,0,1,19,0,True,True,True,1579965329,False,IN_SERVICE,0,0
143,1,0,19,0,True,True,True,1579965221,False,IN_SERVICE,1,0
144,0,2,18,0,True,True,True,1579965219,False,IN_SERVICE,0,0
146,0,2,18,0,True,True,True,1579965239,False,IN_SERVICE,0,0
147,0,0,0,0,True,False,False,0,False,END_OF_LIFE,0,0
149,0,0,16,0,True,True,True,1579965266,False,IN_SERVICE,0,0
150,1,1,28,0,True,True,True,1579965078,False,IN_SERVICE,1,0
151,0,0,23,0,True,True,True,1579965288,False,IN_SERVICE,0,0
152,1,1,18,0,True,True,True,1579965318,False,IN_SERVICE,1,0
153,0,1,15,0,True,True,True,1579965106,False,IN_SERVICE,0,0
154,1,0,19,0,True,True,True,1579965086,False,IN_SERVICE,1,0
155,0,0,19,0,True,True,True,1579965118,False,IN_SERVICE,0,0
156,0,0,20,0,True,True,True,1579965122,False,IN_SERVICE,0,0
158,3,1,16,0,True,True,True,1579965274,False,IN_SERVICE,3,0
161,0,1,19,1,True,True,True,1579965145,False,IN_SERVICE,0,0
162,0,1,19,0,True,True,True,1579965224,False,IN_SERVICE,0,0
163,0,0,30,0,True,True,True,1579965282,False,IN_SERVICE,0,0
164,0,1,18,0,True,True,True,1579965076,False,IN_SERVICE,0,0
165,0,1,11,0,True,True,True,1579965251,False,IN_SERVICE,0,0
166,0,0,20,0,True,True,True,1579965064,False,IN_SERVICE,0,0
167,1,2,13,0,True,True,True,1579965123,False,IN_SERVICE,1,0
168,0,2,14,0,True,True,True,1579965204,False,IN_SERVICE,0,0
169,0,1,10,0,True,True,True,1579965330,False,IN_SERVICE,0,0
170,0,1,19,0,True,True,True,1579965080,False,IN_SERVICE,0,0
171,0,1,19,1,True,True,True,1579965242,False,IN_SERVICE,0,0
172,2,0,14,0,True,True,True,1579965236,False,IN_SERVICE,2,0
173,0,0,15,0,True,True,True,1579965205,False,IN_SERVICE,0,0
174,0,3,16,0,True,True,True,1579965211,False,IN_SERVICE,0,0
175,6,1,29,1,True,True,True,1579965185,False,IN_SERVICE,6,0
176,2,2,16,1,True,True,True,1579965192,False,IN_SERVICE,2,0
177,9,0,3,2,True,True,True,1579965188,False,IN_SERVICE,9,0
180,0,0,20,0,True,True,True,1579965296,False,IN_SERVICE,0,0
181,0,2,17,0,True,True,True,1579965078,False,IN_SERVICE,0,0
182,1,1,18,0,True,True,True,1579965145,False,IN_SERVICE,1,0
183,2,0,18,0,True,True,True,1579965303,False,IN_SERVICE,2,0
184,1,0,19,0,True,True,True,1579965264,False,IN_SERVICE,1,0
185,1,1,17,1,True,True,True,1579965185,False,IN_SERVICE,1,0
186,0,2,17,0,True,True,True,1579965097,False,IN_SERVICE,0,0
187,1,0,15,0,True,True,True,1579965281,False,IN_SERVICE,1,0
188,0,0,19,0,True,True,True,1579965294,False,IN_SERVICE,0,0
189,0,1,19,1,True,True,True,1579965294,False,IN_SERVICE,0,0
190,0,0,20,0,True,True,True,1579965310,False,IN_SERVICE,0,0
191,0,1,15,0,True,True,True,1579965266,False,IN_SERVICE,0,0
192,1,0,19,0,True,True,True,1579965088,False,IN_SERVICE,1,0
193,0,3,16,0,True,True,True,1579965300,False,IN_SERVICE,0,0
194,0,2,14,1,True,True,True,1579965123,False,IN_SERVICE,0,0
195,1,0,19,0,True,True,True,1579965190,False,IN_SERVICE,1,0
196,1,0,18,1,True,True,True,1579965081,False,IN_SERVICE,1,0
197,0,1,19,0,True,True,True,1579965111,False,IN_SERVICE,0,0
199,2,2,16,0,True,True,True,1579965143,False,IN_SERVICE,2,0
200,0,0,19,0,True,True,True,1579965107,False,IN_SERVICE,0,0
201,0,0,20,0,True,True,True,1579965268,False,IN_SERVICE,0,0
202,0,0,29,0,True,True,True,1579965299,False,IN_SERVICE,0,0
203,0,0,24,0,True,True,True,1579965231,False,IN_SERVICE,0,0
204,0,0,24,0,True,True,True,1579965061,False,IN_SERVICE,0,0
205,0,0,15,0,True,True,True,1579965093,False,IN_SERVICE,0,0
206,0,1,15,0,True,True,True,1579965104,False,IN_SERVICE,0,0
207,0,1,19,0,True,True,True,1579965141,False,IN_SERVICE,0,0
208,0,1,19,0,True,True,True,1579965211,False,IN_SERVICE,0,0
210,0,0,20,0,True,True,True,1579965107,False,IN_SERVICE,0,0
212,1,1,18,0,True,True,True,1579965058,False,IN_SERVICE,1,0
213,0,1,19,0,True,True,True,1579965157,False,IN_SERVICE,0,0
214,0,1,15,0,True,True,True,1579965310,False,IN_SERVICE,0,0
215,0,1,19,0,True,True,True,1579965324,False,IN_SERVICE,0,0
216,2,4,12,3,True,True,True,1579965240,False,IN_SERVICE,2,0
217,0,0,16,0,True,True,True,1579965193,False,IN_SERVICE,0,0
218,0,1,15,0,True,True,True,1579965259,False,IN_SERVICE,0,0
219,0,1,15,0,True,True,True,1579965162,False,IN_SERVICE,0,0
220,0,1,15,0,True,True,True,1579965281,False,IN_SERVICE,0,0
221,0,0,20,0,True,True,True,1579965271,False,IN_SERVICE,0,0
222,5,0,15,1,True,True,True,1579965144,False,IN_SERVICE,5,0
223,1,0,15,0,True,True,True,1579965185,False,IN_SERVICE,1,0
224,0,0,20,0,True,True,True,1579965152,False,IN_SERVICE,0,0
225,0,3,17,0,True,True,True,1579965212,False,IN_SERVICE,0,0
226,1,0,19,1,True,True,True,1579965110,False,IN_SERVICE,1,0
227,2,0,18,0,True,True,True,1579965076,False,IN_SERVICE,2,0
229,0,0,12,0,True,True,True,1579965268,False,IN_SERVICE,0,0
230,0,3,13,0,True,True,True,1579965324,False,IN_SERVICE,0,0
231,1,1,14,0,True,True,True,1579965117,False,IN_SERVICE,1,0
232,0,1,19,0,True,True,True,1579965144,False,IN_SERVICE,0,0
233,0,1,21,1,True,True,True,1579965308,False,IN_SERVICE,0,0
234,0,0,20,0,True,True,True,1579965123,False,IN_SERVICE,0,0
235,2,0,21,0,True,True,True,1579965235,False,IN_SERVICE,2,0
236,0,0,16,1,True,True,True,1579965273,False,IN_SERVICE,0,0
238,1,0,22,0,True,True,True,1579965236,False,IN_SERVICE,1,0
239,1,3,16,0,True,True,True,1579964977,False,IN_SERVICE,1,0
240,0,0,24,1,True,True,True,1579965169,False,IN_SERVICE,0,0
241,6,0,6,0,True,True,True,1579965314,False,IN_SERVICE,6,0
242,0,0,19,0,True,True,True,1579965321,False,IN_SERVICE,0,0
243,0,0,0,0,True,False,False,0,False,END_OF_LIFE,0,0
244,0,1,18,0,True,True,True,1579965155,False,IN_SERVICE,0,0
245,1,0,14,0,True,True,True,1579965083,False,IN_SERVICE,1,0
246,0,0,14,0,True,True,True,1579965150,False,IN_SERVICE,0,0
247,0,0,18,0,True,True,True,1579965285,False,IN_SERVICE,0,0
248,1,1,18,0,True,True,True,1579965250,False,IN_SERVICE,1,0
249,4,0,11,1,True,True,True,1579965325,False,IN_SERVICE,4,0
253,0,0,19,0,True,True,True,1579965302,False,IN_SERVICE,0,0
254,4,0,12,0,True,True,True,1579965326,False,IN_SERVICE,4,0
255,12,0,4,0,True,True,True,1579965309,False,IN_SERVICE,12,0
256,2,1,17,0,True,True,True,1579965076,False,IN_SERVICE,2,0
257,0,1,23,0,True,True,True,1579965320,False,IN_SERVICE,0,0
258,1,0,15,0,True,True,True,1579965163,False,IN_SERVICE,1,0
259,1,0,14,0,True,True,True,1579965305,False,IN_SERVICE,1,0
260,0,0,18,0,True,True,True,1579965179,False,IN_SERVICE,0,0
261,0,0,15,0,True,True,True,1579965110,False,IN_SERVICE,0,0
262,1,1,14,0,True,True,True,1579965110,False,IN_SERVICE,1,0
263,0,0,12,0,True,True,True,1579965221,False,IN_SERVICE,0,0
264,0,0,16,0,True,True,True,1579965239,False,IN_SERVICE,0,0
267,0,1,10,0,True,True,True,1579965095,False,IN_SERVICE,0,0
268,1,0,27,1,True,True,True,1579965248,False,IN_SERVICE,1,0
269,0,0,18,0,True,True,True,1579965207,False,IN_SERVICE,0,0
270,0,0,16,0,True,True,True,1579965164,False,IN_SERVICE,0,0
271,0,0,20,0,True,True,True,1579965249,False,IN_SERVICE,0,0
272,2,0,18,0,True,True,True,1579965195,False,IN_SERVICE,2,0
273,3,0,11,2,True,True,True,1579965194,False,IN_SERVICE,3,0
274,0,1,23,0,True,True,True,1579965236,False,IN_SERVICE,0,0
275,0,0,20,0,True,True,True,1579965270,False,IN_SERVICE,0,0
276,0,2,14,0,True,True,True,1579965099,False,IN_SERVICE,0,0
277,6,1,5,0,True,True,True,1579965316,False,IN_SERVICE,6,0
278,0,0,16,0,True,True,True,1579965107,False,IN_SERVICE,0,0
279,0,0,20,0,True,True,True,1579965239,False,IN_SERVICE,0,0
280,1,0,22,0,True,True,True,1579965099,False,IN_SERVICE,1,0
281,0,1,23,0,True,True,True,1579965281,False,IN_SERVICE,0,0
282,0,1,19,0,True,True,True,1579965193,False,IN_SERVICE,0,0
283,0,0,20,0,True,True,True,1579965134,False,IN_SERVICE,0,0
284,0,0,18,0,True,True,True,1579965101,False,IN_SERVICE,0,0
285,3,1,15,1,True,True,True,1579965280,False,IN_SERVICE,3,0
286,2,0,14,0,True,True,True,1579965180,False,IN_SERVICE,2,0
287,0,1,17,0,True,True,True,1579965307,False,IN_SERVICE,0,0
289,2,0,22,1,True,True,True,1579965329,False,IN_SERVICE,2,0
290,0,0,20,0,True,True,True,1579965206,False,IN_SERVICE,0,0
291,0,0,16,0,True,True,True,1579965135,False,IN_SERVICE,0,0
292,2,2,16,0,True,True,True,1579965262,False,IN_SERVICE,2,0
293,0,1,15,1,True,True,True,1579965107,False,IN_SERVICE,0,0
294,0,0,19,0,True,True,True,1579965160,False,IN_SERVICE,0,0
295,2,0,18,2,True,True,True,1579965195,False,IN_SERVICE,2,0
296,0,0,16,0,True,True,True,1579965159,False,IN_SERVICE,0,0
297,5,1,10,0,True,True,True,1579965260,False,IN_SERVICE,5,0
298,0,0,15,0,True,True,True,1579965318,False,IN_SERVICE,0,0
299,0,1,19,0,True,True,True,1579965174,False,IN_SERVICE,0,0
300,7,1,12,3,True,True,True,1579965230,False,IN_SERVICE,7,0
303,0,1,19,0,True,True,True,1579965172,False,IN_SERVICE,0,0
304,0,0,15,0,True,True,True,1579965110,False,IN_SERVICE,0,0
305,0,1,15,0,True,True,True,1579965077,False,IN_SERVICE,0,0
306,0,0,20,0,True,True,True,1579965193,False,IN_SERVICE,0,0
308,0,0,19,0,True,True,True,1579965285,False,IN_SERVICE,0,0
309,2,1,17,0,True,True,True,1579965230,False,IN_SERVICE,2,0
310,1,0,15,1,True,True,True,1579965260,False,IN_SERVICE,1,0
311,0,1,19,0,True,True,True,1579965225,False,IN_SERVICE,0,0
312,1,1,18,1,True,True,True,1579965106,False,IN_SERVICE,1,0
313,0,0,20,0,True,True,True,1579965328,False,IN_SERVICE,0,0
314,0,0,14,0,True,True,True,1579965273,False,IN_SERVICE,0,0
315,0,0,0,0,True,False,False,0,False,END_OF_LIFE,0,0
316,1,2,13,0,True,True,True,1579965141,False,IN_SERVICE,1,0
317,0,0,20,0,True,True,True,1579965193,False,IN_SERVICE,0,0
318,5,1,14,0,True,True,True,1579965214,False,IN_SERVICE,5,0
319,0,0,20,0,True,True,True,1579965257,False,IN_SERVICE,0,0
320,0,1,19,0,True,True,True,1579965212,False,IN_SERVICE,0,0
321,0,0,16,0,True,True,True,1579965170,False,IN_SERVICE,0,0
322,1,0,19,0,True,True,True,1579965318,False,IN_SERVICE,1,0
323,0,1,23,0,True,True,True,1579965299,False,IN_SERVICE,0,0
324,0,0,16,0,True,True,True,1579965312,False,IN_SERVICE,0,0
328,0,0,16,0,True,True,True,1579965273,False,IN_SERVICE,0,0
329,1,4,14,0,True,True,True,1579965164,False,IN_SERVICE,1,0
330,0,2,14,1,True,True,True,1579965231,False,IN_SERVICE,0,0
331,0,0,0,0,True,False,False,0,False,END_OF_LIFE,0,0
332,2,2,12,0,True,True,True,1579965110,False,IN_SERVICE,2,0
333,1,1,18,0,True,True,True,1579965307,False,IN_SERVICE,1,0
334,0,0,0,0,True,False,False,0,False,END_OF_LIFE,0,0
335,1,0,19,0,True,True,True,1579965095,False,IN_SERVICE,1,0
336,7,2,18,0,True,True,True,1579965117,False,IN_SERVICE,7,0
337,0,0,16,0,True,True,True,1579965167,False,IN_SERVICE,0,0
338,0,1,15,0,True,True,True,1579965203,False,IN_SERVICE,0,0
339,0,1,15,0,True,True,True,1579965291,False,IN_SERVICE,0,0
340,0,0,11,0,True,True,True,1579965229,False,IN_SERVICE,0,0
341,1,0,14,0,True,True,True,1579965197,False,IN_SERVICE,1,0
342,1,2,17,1,True,True,True,1579965156,False,IN_SERVICE,1,0
343,2,1,16,1,True,True,True,1579965119,False,IN_SERVICE,2,0
344,0,0,0,0,True,False,False,0,False,END_OF_LIFE,0,0
345,3,1,16,0,True,True,True,1579965202,False,IN_SERVICE,3,0
346,0,0,0,0,True,False,False,0,False,END_OF_LIFE,0,0
347,0,0,20,0,True,True,True,1579965150,False,IN_SERVICE,0,0
348,2,3,11,2,True,True,True,1579965124,False,IN_SERVICE,2,0
349,0,0,20,0,True,True,True,1579965319,False,IN_SERVICE,0,0
350,1,0,18,0,True,True,True,1579965248,False,IN_SERVICE,1,0
351,0,0,16,0,True,True,True,1579965075,False,IN_SERVICE,0,0
352,0,0,26,0,True,True,True,1579965326,False,IN_SERVICE,0,0
353,0,1,19,0,True,True,True,1579965137,False,IN_SERVICE,0,0
354,0,1,19,0,True,True,True,1579965167,False,IN_SERVICE,0,0
355,0,0,16,0,True,True,True,1579965275,False,IN_SERVICE,0,0
356,0,0,15,0,True,True,True,1579965316,False,IN_SERVICE,0,0
357,0,0,0,0,True,False,False,0,False,END_OF_LIFE,0,0
358,0,0,12,0,True,True,True,1579965274,False,IN_SERVICE,0,0
359,0,0,20,0,True,True,True,1579965299,False,IN_SERVICE,0,0
360,0,0,0,0,True,False,False,0,False,END_OF_LIFE,0,0
361,1,2,17,1,True,True,True,1579965174,False,IN_SERVICE,1,0
362,0,0,15,0,True,True,True,1579965223,False,IN_SERVICE,0,0
364,0,0,24,0,True,True,True,1579965319,False,IN_SERVICE,0,0
365,0,0,0,0,True,False,False,0,False,END_OF_LIFE,0,0
366,2,1,17,0,True,True,True,1579965205,False,IN_SERVICE,2,0
367,1,2,13,0,True,True,True,1579965111,False,IN_SERVICE,1,0
369,1,0,19,0,True,True,True,1579965082,False,IN_SERVICE,1,0
370,5,2,13,0,True,True,True,1579965259,False,IN_SERVICE,5,0
371,1,0,15,0,True,True,True,1579965080,False,IN_SERVICE,1,0
372,0,0,12,0,True,True,True,1579965083,False,IN_SERVICE,0,0
373,2,1,13,0,True,True,True,1579965324,False,IN_SERVICE,2,0
375,1,2,13,0,True,True,True,1579965243,False,IN_SERVICE,1,0
376,0,0,20,0,True,True,True,1579965090,False,IN_SERVICE,0,0
377,0,1,15,0,True,True,True,1579965262,False,IN_SERVICE,0,0
378,1,0,19,0,True,True,True,1579965154,False,IN_SERVICE,1,0
379,5,0,15,0,True,True,True,1579965207,False,IN_SERVICE,5,0
380,1,2,16,1,True,True,True,1579965284,False,IN_SERVICE,1,0
381,0,1,14,0,True,True,True,1579965317,False,IN_SERVICE,0,0
382,0,1,15,0,True,True,True,1579965086,False,IN_SERVICE,0,0
383,0,1,17,0,True,True,True,1579965215,False,IN_SERVICE,0,0
384,2,1,13,0,True,True,True,1579965153,False,IN_SERVICE,2,0
385,9,1,5,4,True,True,True,1579965208,False,IN_SERVICE,9,0
386,0,0,8,0,True,True,True,1579965200,False,IN_SERVICE,0,0
387,0,2,14,0,True,True,True,1579965105,False,IN_SERVICE,0,0
388,1,0,18,0,True,True,True,1579965328,False,IN_SERVICE,1,0
389,3,0,16,0,True,True,True,1579965305,False,IN_SERVICE,3,0
390,0,0,20,0,True,True,True,1579965132,False,IN_SERVICE,0,0
391,1,0,19,0,True,True,True,1579965269,False,IN_SERVICE,1,0
392,0,0,16,1,True,True,True,1579965108,False,IN_SERVICE,0,0
393,1,0,11,0,True,True,True,1579965264,False,IN_SERVICE,1,0
395,1,2,13,2,True,True,True,1579965112,False,IN_SERVICE,1,0
396,0,1,19,0,True,True,True,1579965078,False,IN_SERVICE,0,0
397,1,1,10,0,True,True,True,1579965263,False,IN_SERVICE,1,0
398,0,0,16,0,True,True,True,1579965267,False,IN_SERVICE,0,0
400,1,0,15,1,True,True,True,1579965077,False,IN_SERVICE,1,0
401,1,1,18,0,True,True,True,1579965107,False,IN_SERVICE,1,0
402,0,1,15,0,True,True,True,1579965216,False,IN_SERVICE,0,0
403,1,0,18,0,True,True,True,1579965328,False,IN_SERVICE,1,0
404,0,0,18,0,True,True,True,1579965279,False,IN_SERVICE,0,0
405,0,0,20,0,True,True,True,1579965111,False,IN_SERVICE,0,0
406,1,0,15,0,True,True,True,1579965104,False,IN_SERVICE,1,0
407,0,1,27,1,True,True,True,1579965304,False,IN_SERVICE,0,0
408,0,6,14,0,True,True,True,1579965321,False,IN_SERVICE,0,0
409,2,0,6,0,True,True,True,1579965075,False,IN_SERVICE,2,0
411,0,0,12,0,True,True,True,1579965275,False,IN_SERVICE,0,0
413,2,0,14,1,True,True,True,1579965189,False,IN_SERVICE,2,0
414,0,0,19,0,True,True,True,1579965083,False,IN_SERVICE,0,0
415,0,0,20,0,True,True,True,1579965089,False,IN_SERVICE,0,0
416,0,3,25,0,True,True,True,1579965159,False,IN_SERVICE,0,0
417,1,0,19,0,True,True,True,1579965312,False,IN_SERVICE,1,0
418,0,0,20,1,True,True,True,1579965170,False,IN_SERVICE,0,0
419,0,2,26,0,True,True,True,1579965098,False,IN_SERVICE,0,0
420,1,1,17,0,True,True,True,1579965139,False,IN_SERVICE,1,0
421,0,0,12,0,True,True,True,1579965259,False,IN_SERVICE,0,0
422,0,0,28,0,True,True,True,1579965190,False,IN_SERVICE,0,0
423,1,3,8,1,True,True,True,1579965286,False,IN_SERVICE,1,0
424,2,0,13,0,True,True,True,1579965203,False,IN_SERVICE,2,0
426,1,0,19,0,True,True,True,1579965265,False,IN_SERVICE,1,0
427,4,4,15,0,True,True,True,1579965164,False,IN_SERVICE,4,0
428,0,0,20,0,True,True,True,1579965259,False,IN_SERVICE,0,0
429,3,2,2,0,True,True,True,1579965114,False,IN_SERVICE,3,0
430,0,1,11,0,True,True,True,1579965264,False,IN_SERVICE,0,0
431,3,0,32,0,True,True,True,1579965171,False,IN_SERVICE,3,0
432,2,2,15,0,True,True,True,1579965146,False,IN_SERVICE,2,0
433,2,0,18,1,True,True,True,1579965221,False,IN_SERVICE,2,0
434,0,2,10,0,True,True,True,1579965080,False,IN_SERVICE,0,0
435,3,0,13,0,True,True,True,1579965135,False,IN_SERVICE,3,0
436,0,0,28,0,True,True,True,1579965287,False,IN_SERVICE,0,0
441,0,0,19,1,True,True,True,1579965304,False,IN_SERVICE,0,0
442,0,1,14,0,True,True,True,1579965222,False,IN_SERVICE,0,0
443,2,0,16,0,True,True,True,1579965081,False,IN_SERVICE,2,0
444,0,1,23,1,True,True,True,1579965294,False,IN_SERVICE,0,0
448,1,1,21,2,True,True,True,1579965202,False,IN_SERVICE,1,0
449,2,0,22,0,True,True,True,1579965200,False,IN_SERVICE,2,0
450,198,0,99,0,True,True,True,1567199965,False,IN_SERVICE,99,99
451,198,0,99,0,True,True,True,1568241592,False,IN_SERVICE,99,99
station_id,num_bikes_available,num_bikes_disabled,num_docks_available,num_docks_disabled,is_installed,is_renting,is_returning,last_reported,is_charging_station,status,num_mechanical_bikes_available,num_ebikes_available
2,1,0,19,0,True,True,True,1579966256,False,IN_SERVICE,1,0
3,0,0,20,0,True,True,True,1579966460,False,IN_SERVICE,0,0
4,0,0,20,1,True,True,True,1579966384,False,IN_SERVICE,0,0
5,0,1,39,0,True,True,True,1579966254,False,IN_SERVICE,0,0
6,3,0,17,0,True,True,True,1579966214,False,IN_SERVICE,3,0
7,0,0,16,0,True,True,True,1579966247,False,IN_SERVICE,0,0
8,0,0,24,0,True,True,True,1579966449,False,IN_SERVICE,0,0
9,3,0,20,0,True,True,True,1579966431,False,IN_SERVICE,3,0
11,0,1,19,0,True,True,True,1579966453,False,IN_SERVICE,0,0
12,0,1,15,0,True,True,True,1579966440,False,IN_SERVICE,0,0
13,0,1,29,0,True,True,True,1579966311,False,IN_SERVICE,0,0
14,1,0,29,0,True,True,True,1579966296,False,IN_SERVICE,1,0
15,3,0,17,0,True,True,True,1579966402,False,IN_SERVICE,3,0
16,0,0,0,0,True,False,False,0,False,END_OF_LIFE,0,0
17,0,2,18,0,True,True,True,1579966353,False,IN_SERVICE,0,0
18,0,0,0,0,True,False,False,0,False,END_OF_LIFE,0,0
19,1,1,22,1,True,True,True,1579966483,False,IN_SERVICE,1,0
20,0,0,20,0,True,True,True,1579966217,False,IN_SERVICE,0,0
21,0,1,23,0,True,True,True,1579966285,False,IN_SERVICE,0,0
22,1,0,18,0,True,True,True,1579966407,False,IN_SERVICE,1,0
23,0,0,11,0,True,True,True,1579966262,False,IN_SERVICE,0,0
24,0,0,17,0,True,True,True,1579966373,False,IN_SERVICE,0,0
25,0,0,24,0,True,True,True,1579966306,False,IN_SERVICE,0,0
26,0,0,24,0,True,True,True,1579966438,False,IN_SERVICE,0,0
27,0,1,14,0,True,True,True,1579966347,False,IN_SERVICE,0,0
28,0,0,20,0,True,True,True,1579966340,False,IN_SERVICE,0,0
29,1,0,29,0,True,True,True,1579966277,False,IN_SERVICE,1,0
30,0,1,19,0,True,True,True,1579966418,False,IN_SERVICE,0,0
31,0,0,20,0,True,True,True,1579966253,False,IN_SERVICE,0,0
32,0,0,16,0,True,True,True,1579966456,False,IN_SERVICE,0,0
33,0,0,20,0,True,True,True,1579966462,False,IN_SERVICE,0,0
34,0,0,0,0,True,False,False,0,False,END_OF_LIFE,0,0
35,0,1,28,2,True,True,True,1579966489,False,IN_SERVICE,0,0
36,0,0,16,0,True,True,True,1579966225,False,IN_SERVICE,0,0
38,0,0,19,0,True,True,True,1579966463,False,IN_SERVICE,0,0
39,0,0,20,0,True,True,True,1579966470,False,IN_SERVICE,0,0
40,0,0,16,0,True,True,True,1579966462,False,IN_SERVICE,0,0
41,1,0,19,0,True,True,True,1579966425,False,IN_SERVICE,1,0
42,0,0,23,0,True,True,True,1579966471,False,IN_SERVICE,0,0
43,3,1,11,1,True,True,True,1579966246,False,IN_SERVICE,3,0
44,1,1,17,0,True,True,True,1579966467,False,IN_SERVICE,1,0
45,0,0,19,0,True,True,True,1579966346,False,IN_SERVICE,0,0
46,0,0,17,0,True,True,True,1579966356,False,IN_SERVICE,0,0
47,0,1,15,0,True,True,True,1579966248,False,IN_SERVICE,0,0
48,1,0,15,1,True,True,True,1579966353,False,IN_SERVICE,1,0
49,0,0,20,0,True,True,True,1579966345,False,IN_SERVICE,0,0
50,0,1,19,0,True,True,True,1579966463,False,IN_SERVICE,0,0
51,0,1,11,0,True,True,True,1579966260,False,IN_SERVICE,0,0
52,0,0,20,0,True,True,True,1579966382,False,IN_SERVICE,0,0
53,0,0,20,0,True,True,True,1579966363,False,IN_SERVICE,0,0
54,2,1,17,1,True,True,True,1579966408,False,IN_SERVICE,2,0
55,2,0,18,0,True,True,True,1579966481,False,IN_SERVICE,2,0
56,0,0,16,0,True,True,True,1579966284,False,IN_SERVICE,0,0
57,0,0,16,0,True,True,True,1579966297,False,IN_SERVICE,0,0
58,0,0,20,0,True,True,True,1579966395,False,IN_SERVICE,0,0
59,0,1,18,0,True,True,True,1579966359,False,IN_SERVICE,0,0
60,0,2,17,1,True,True,True,1579966270,False,IN_SERVICE,0,0
62,0,1,19,0,True,True,True,1579966431,False,IN_SERVICE,0,0
63,0,1,19,0,True,True,True,1579966374,False,IN_SERVICE,0,0
64,3,0,17,0,True,True,True,1579966371,False,IN_SERVICE,3,0
65,2,0,18,1,True,True,True,1579966425,False,IN_SERVICE,2,0
66,1,3,15,0,True,True,True,1579966401,False,IN_SERVICE,1,0
67,0,0,0,0,True,False,False,0,False,END_OF_LIFE,0,0
68,0,0,19,0,True,True,True,1579966283,False,IN_SERVICE,0,0
69,0,0,15,0,True,True,True,1579966257,False,IN_SERVICE,0,0
70,3,0,16,2,True,True,True,1579966409,False,IN_SERVICE,3,0
71,0,1,29,1,True,True,True,1579966276,False,IN_SERVICE,0,0
72,0,0,18,0,True,True,True,1579966319,False,IN_SERVICE,0,0
73,0,1,14,0,True,True,True,1579966293,False,IN_SERVICE,0,0
74,0,1,29,0,True,True,True,1579966283,False,IN_SERVICE,0,0
75,1,1,16,1,True,True,True,1579966330,False,IN_SERVICE,1,0
76,0,0,20,0,True,True,True,1579966382,False,IN_SERVICE,0,0
77,0,0,19,0,True,True,True,1579966488,False,IN_SERVICE,0,0
78,2,0,17,0,True,True,True,1579966327,False,IN_SERVICE,2,0
79,0,0,28,0,True,True,True,1579966405,False,IN_SERVICE,0,0
80,0,0,16,0,True,True,True,1579966252,False,IN_SERVICE,0,0
81,0,0,0,0,True,False,False,0,False,END_OF_LIFE,0,0
82,0,1,19,0,True,True,True,1579966264,False,IN_SERVICE,0,0
83,0,0,20,0,True,True,True,1579966241,False,IN_SERVICE,0,0
84,0,1,19,0,True,True,True,1579966341,False,IN_SERVICE,0,0
85,0,1,19,0,True,True,True,1579966473,False,IN_SERVICE,0,0
86,1,1,18,1,True,True,True,1579966284,False,IN_SERVICE,1,0
87,1,2,11,2,True,True,True,1579966452,False,IN_SERVICE,1,0
88,0,0,19,0,True,True,True,1579966262,False,IN_SERVICE,0,0
89,1,0,17,0,True,True,True,1579966271,False,IN_SERVICE,1,0
90,0,2,18,0,True,True,True,1579966481,False,IN_SERVICE,0,0
91,0,0,20,0,True,True,True,1579966463,False,IN_SERVICE,0,0
92,0,1,19,0,True,True,True,1579966260,False,IN_SERVICE,0,0
93,0,3,17,0,True,True,True,1579966404,False,IN_SERVICE,0,0
94,0,1,29,0,True,True,True,1579966414,False,IN_SERVICE,0,0
95,0,0,16,0,True,True,True,1579966450,False,IN_SERVICE,0,0
96,1,1,18,0,True,True,True,1579966251,False,IN_SERVICE,1,0
98,0,1,15,0,True,True,True,1579966296,False,IN_SERVICE,0,0
99,1,1,18,0,True,True,True,1579966366,False,IN_SERVICE,1,0
100,0,0,0,0,True,False,False,0,False,END_OF_LIFE,0,0
101,0,2,18,0,True,True,True,1579966485,False,IN_SERVICE,0,0
102,0,2,10,0,True,True,True,1579966458,False,IN_SERVICE,0,0
103,0,0,0,0,True,False,False,0,False,END_OF_LIFE,0,0
104,1,3,26,0,True,True,True,1579966268,False,IN_SERVICE,1,0
105,0,0,15,0,True,True,True,1579966388,False,IN_SERVICE,0,0
106,0,0,19,0,True,True,True,1579966241,False,IN_SERVICE,0,0
107,1,0,14,0,True,True,True,1579966396,False,IN_SERVICE,1,0
110,0,1,17,0,True,True,True,1579966399,False,IN_SERVICE,0,0
111,0,1,27,0,True,True,True,1579966396,False,IN_SERVICE,0,0
112,0,1,15,0,True,True,True,1579966412,False,IN_SERVICE,0,0
114,0,0,29,0,True,True,True,1579966342,False,IN_SERVICE,0,0
115,1,0,15,0,True,True,True,1579966396,False,IN_SERVICE,1,0
116,0,0,11,0,True,True,True,1579966469,False,IN_SERVICE,0,0
117,2,2,12,0,True,True,True,1579966466,False,IN_SERVICE,2,0
118,0,1,18,0,True,True,True,1579966300,False,IN_SERVICE,0,0
119,0,0,19,0,True,True,True,1579966385,False,IN_SERVICE,0,0
120,1,0,18,0,True,True,True,1579966488,False,IN_SERVICE,1,0
121,2,1,17,1,True,True,True,1579966356,False,IN_SERVICE,2,0
122,0,0,20,0,True,True,True,1579966295,False,IN_SERVICE,0,0
124,2,3,14,0,True,True,True,1579966475,False,IN_SERVICE,2,0
126,1,1,14,0,True,True,True,1579966232,False,IN_SERVICE,1,0
127,1,0,15,0,True,True,True,1579966384,False,IN_SERVICE,1,0
128,0,0,19,0,True,True,True,1579966308,False,IN_SERVICE,0,0
130,2,0,37,0,True,True,True,1579966479,False,IN_SERVICE,2,0
131,0,1,15,1,True,True,True,1579966401,False,IN_SERVICE,0,0
132,0,0,12,0,True,True,True,1579966460,False,IN_SERVICE,0,0
134,0,0,19,0,True,True,True,1579966431,False,IN_SERVICE,0,0
135,0,0,20,0,True,True,True,1579966430,False,IN_SERVICE,0,0
137,0,0,20,0,True,True,True,1579966403,False,IN_SERVICE,0,0
138,1,3,8,0,True,True,True,1579966389,False,IN_SERVICE,1,0
141,0,1,19,0,True,True,True,1579966354,False,IN_SERVICE,0,0
143,0,0,20,0,True,True,True,1579966244,False,IN_SERVICE,0,0
144,0,2,18,0,True,True,True,1579966292,False,IN_SERVICE,0,0
146,0,2,18,0,True,True,True,1579966262,False,IN_SERVICE,0,0
147,0,0,0,0,True,False,False,0,False,END_OF_LIFE,0,0
149,1,0,15,0,True,True,True,1579966337,False,IN_SERVICE,1,0
150,2,1,27,0,True,True,True,1579966427,False,IN_SERVICE,2,0
151,0,0,23,0,True,True,True,1579966313,False,IN_SERVICE,0,0
152,1,1,18,0,True,True,True,1579966344,False,IN_SERVICE,1,0
153,0,1,15,0,True,True,True,1579966389,False,IN_SERVICE,0,0
154,0,0,20,0,True,True,True,1579966367,False,IN_SERVICE,0,0
155,0,0,19,0,True,True,True,1579966402,False,IN_SERVICE,0,0
156,0,0,20,0,True,True,True,1579966402,False,IN_SERVICE,0,0
158,1,1,18,0,True,True,True,1579966359,False,IN_SERVICE,1,0
161,1,1,18,1,True,True,True,1579966258,False,IN_SERVICE,1,0
162,1,1,18,1,True,True,True,1579966251,False,IN_SERVICE,1,0
163,0,0,30,0,True,True,True,1579966359,False,IN_SERVICE,0,0
164,0,1,18,0,True,True,True,1579966356,False,IN_SERVICE,0,0
165,0,1,11,0,True,True,True,1579966278,False,IN_SERVICE,0,0
166,0,0,20,0,True,True,True,1579966414,False,IN_SERVICE,0,0
167,0,2,14,0,True,True,True,1579966404,False,IN_SERVICE,0,0
168,0,2,14,0,True,True,True,1579966486,False,IN_SERVICE,0,0
169,0,1,10,0,True,True,True,1579966355,False,IN_SERVICE,0,0
170,1,1,18,0,True,True,True,1579966363,False,IN_SERVICE,1,0
171,0,1,19,1,True,True,True,1579966266,False,IN_SERVICE,0,0
172,3,0,13,0,True,True,True,1579966261,False,IN_SERVICE,3,0
173,1,0,14,0,True,True,True,1579966246,False,IN_SERVICE,1,0
174,0,3,16,0,True,True,True,1579966235,False,IN_SERVICE,0,0
175,7,1,28,1,True,True,True,1579966257,False,IN_SERVICE,7,0
176,3,2,15,2,True,True,True,1579966247,False,IN_SERVICE,3,0
177,8,0,4,2,True,True,True,1579966466,False,IN_SERVICE,8,0
180,0,0,20,0,True,True,True,1579966320,False,IN_SERVICE,0,0
181,0,2,17,0,True,True,True,1579966415,False,IN_SERVICE,0,0
182,0,1,19,0,True,True,True,1579966488,False,IN_SERVICE,0,0
183,1,0,19,0,True,True,True,1579966367,False,IN_SERVICE,1,0
184,1,0,19,0,True,True,True,1579966344,False,IN_SERVICE,1,0
185,0,1,18,1,True,True,True,1579966465,False,IN_SERVICE,0,0
186,0,2,17,0,True,True,True,1579966447,False,IN_SERVICE,0,0
187,0,0,16,0,True,True,True,1579966309,False,IN_SERVICE,0,0
188,0,0,19,0,True,True,True,1579966374,False,IN_SERVICE,0,0
189,0,1,19,1,True,True,True,1579966364,False,IN_SERVICE,0,0
190,0,0,20,0,True,True,True,1579966394,False,IN_SERVICE,0,0
191,0,1,15,0,True,True,True,1579966292,False,IN_SERVICE,0,0
192,0,0,20,0,True,True,True,1579966367,False,IN_SERVICE,0,0
193,0,3,16,0,True,True,True,1579966326,False,IN_SERVICE,0,0
194,0,2,14,1,True,True,True,1579966404,False,IN_SERVICE,0,0
195,0,0,20,0,True,True,True,1579966474,False,IN_SERVICE,0,0
196,1,0,18,1,True,True,True,1579966363,False,IN_SERVICE,1,0
197,0,1,19,0,True,True,True,1579966440,False,IN_SERVICE,0,0
199,1,2,17,0,True,True,True,1579966425,False,IN_SERVICE,1,0
200,0,0,19,0,True,True,True,1579966386,False,IN_SERVICE,0,0
201,0,0,20,0,True,True,True,1579966348,False,IN_SERVICE,0,0
202,0,0,29,0,True,True,True,1579966380,False,IN_SERVICE,0,0
203,1,0,23,0,True,True,True,1579966312,False,IN_SERVICE,1,0
204,0,0,24,0,True,True,True,1579966191,False,IN_SERVICE,0,0
205,0,0,15,0,True,True,True,1579966375,False,IN_SERVICE,0,0
206,0,1,15,0,True,True,True,1579966386,False,IN_SERVICE,0,0
207,0,1,19,0,True,True,True,1579966422,False,IN_SERVICE,0,0
208,0,1,19,0,True,True,True,1579966237,False,IN_SERVICE,0,0
210,0,0,20,0,True,True,True,1579966385,False,IN_SERVICE,0,0
212,1,1,18,0,True,True,True,1579966428,False,IN_SERVICE,1,0
213,0,1,19,0,True,True,True,1579966226,False,IN_SERVICE,0,0
214,0,1,15,0,True,True,True,1579966391,False,IN_SERVICE,0,0
215,0,1,19,0,True,True,True,1579966400,False,IN_SERVICE,0,0
216,0,4,14,3,True,True,True,1579966308,False,IN_SERVICE,0,0
217,0,0,16,0,True,True,True,1579966477,False,IN_SERVICE,0,0
218,0,1,15,0,True,True,True,1579966281,False,IN_SERVICE,0,0
219,0,1,15,0,True,True,True,1579966445,False,IN_SERVICE,0,0
220,0,1,15,0,True,True,True,1579966306,False,IN_SERVICE,0,0
221,0,0,20,0,True,True,True,1579966298,False,IN_SERVICE,0,0
222,1,0,19,0,True,True,True,1579966426,False,IN_SERVICE,1,0
223,1,0,15,0,True,True,True,1579966465,False,IN_SERVICE,1,0
224,0,0,20,0,True,True,True,1579966437,False,IN_SERVICE,0,0
225,0,3,17,0,True,True,True,1579966239,False,IN_SERVICE,0,0
226,0,0,20,1,True,True,True,1579966457,False,IN_SERVICE,0,0
227,2,1,17,0,True,True,True,1579966356,False,IN_SERVICE,2,0
229,0,0,12,0,True,True,True,1579966293,False,IN_SERVICE,0,0
230,0,3,13,0,True,True,True,1579966365,False,IN_SERVICE,0,0
231,0,1,15,0,True,True,True,1579966401,False,IN_SERVICE,0,0
232,1,0,19,0,True,True,True,1579966428,False,IN_SERVICE,1,0
233,0,1,21,1,True,True,True,1579966333,False,IN_SERVICE,0,0
234,0,0,20,0,True,True,True,1579966420,False,IN_SERVICE,0,0
235,0,0,23,0,True,True,True,1579966262,False,IN_SERVICE,0,0
236,1,0,15,1,True,True,True,1579966297,False,IN_SERVICE,1,0
238,1,0,22,0,True,True,True,1579966262,False,IN_SERVICE,1,0
239,3,3,14,0,True,True,True,1579966137,False,IN_SERVICE,3,0
240,0,0,24,1,True,True,True,1579966456,False,IN_SERVICE,0,0
241,5,0,7,0,True,True,True,1579966340,False,IN_SERVICE,5,0
242,2,0,17,0,True,True,True,1579966349,False,IN_SERVICE,2,0
243,0,0,0,0,True,False,False,0,False,END_OF_LIFE,0,0
244,0,1,18,0,True,True,True,1579966441,False,IN_SERVICE,0,0
245,0,0,15,0,True,True,True,1579966366,False,IN_SERVICE,0,0
246,0,0,14,0,True,True,True,1579966433,False,IN_SERVICE,0,0
247,0,0,18,0,True,True,True,1579966314,False,IN_SERVICE,0,0
248,1,1,18,0,True,True,True,1579966278,False,IN_SERVICE,1,0
249,4,0,11,1,True,True,True,1579966349,False,IN_SERVICE,4,0
253,0,0,19,0,True,True,True,1579966328,False,IN_SERVICE,0,0
254,3,0,13,0,True,True,True,1579966351,False,IN_SERVICE,3,0
255,11,0,5,0,True,True,True,1579966334,False,IN_SERVICE,11,0
256,1,1,18,0,True,True,True,1579966354,False,IN_SERVICE,1,0
257,0,1,23,0,True,True,True,1579966346,False,IN_SERVICE,0,0
258,0,0,16,0,True,True,True,1579966445,False,IN_SERVICE,0,0
259,1,0,14,0,True,True,True,1579966330,False,IN_SERVICE,1,0
260,0,0,18,0,True,True,True,1579966464,False,IN_SERVICE,0,0
261,0,0,15,0,True,True,True,1579966391,False,IN_SERVICE,0,0
262,0,1,15,0,True,True,True,1579966395,False,IN_SERVICE,0,0
263,0,0,12,0,True,True,True,1579966246,False,IN_SERVICE,0,0
264,0,0,16,0,True,True,True,1579966264,False,IN_SERVICE,0,0
267,1,1,9,0,True,True,True,1579966380,False,IN_SERVICE,1,0
268,2,0,26,1,True,True,True,1579966274,False,IN_SERVICE,2,0
269,0,0,18,0,True,True,True,1579966488,False,IN_SERVICE,0,0
270,0,0,16,0,True,True,True,1579966447,False,IN_SERVICE,0,0
271,0,0,20,0,True,True,True,1579966276,False,IN_SERVICE,0,0
272,1,0,19,0,True,True,True,1579966477,False,IN_SERVICE,1,0
273,3,0,11,2,True,True,True,1579966477,False,IN_SERVICE,3,0
274,0,1,23,0,True,True,True,1579966263,False,IN_SERVICE,0,0
275,0,0,20,0,True,True,True,1579966294,False,IN_SERVICE,0,0
276,0,2,14,0,True,True,True,1579966380,False,IN_SERVICE,0,0
277,2,1,9,0,True,True,True,1579966344,False,IN_SERVICE,2,0
278,0,0,16,0,True,True,True,1579966388,False,IN_SERVICE,0,0
279,0,0,20,0,True,True,True,1579966260,False,IN_SERVICE,0,0
280,0,0,23,0,True,True,True,1579966379,False,IN_SERVICE,0,0
281,0,1,23,0,True,True,True,1579966306,False,IN_SERVICE,0,0
282,0,1,19,0,True,True,True,1579966472,False,IN_SERVICE,0,0
283,2,0,18,0,True,True,True,1579966417,False,IN_SERVICE,2,0
284,0,0,18,0,True,True,True,1579966382,False,IN_SERVICE,0,0
285,2,1,16,0,True,True,True,1579966308,False,IN_SERVICE,2,0
286,1,0,15,0,True,True,True,1579966460,False,IN_SERVICE,1,0
287,0,1,17,0,True,True,True,1579966330,False,IN_SERVICE,0,0
289,0,0,24,1,True,True,True,1579966354,False,IN_SERVICE,0,0
290,0,0,20,0,True,True,True,1579966487,False,IN_SERVICE,0,0
291,1,0,15,0,True,True,True,1579966416,False,IN_SERVICE,1,0
292,1,2,17,0,True,True,True,1579966287,False,IN_SERVICE,1,0
293,0,1,15,1,True,True,True,1579966388,False,IN_SERVICE,0,0
294,0,0,19,0,True,True,True,1579966440,False,IN_SERVICE,0,0
295,2,0,18,2,True,True,True,1579966475,False,IN_SERVICE,2,0
296,0,0,16,0,True,True,True,1579966440,False,IN_SERVICE,0,0
297,7,1,8,0,True,True,True,1579966290,False,IN_SERVICE,7,0
298,0,0,15,0,True,True,True,1579966346,False,IN_SERVICE,0,0
299,0,1,19,0,True,True,True,1579966456,False,IN_SERVICE,0,0
300,7,2,11,3,True,True,True,1579966255,False,IN_SERVICE,7,0
303,0,1,19,0,True,True,True,1579966458,False,IN_SERVICE,0,0
304,0,0,15,0,True,True,True,1579966393,False,IN_SERVICE,0,0
305,0,1,15,0,True,True,True,1579966357,False,IN_SERVICE,0,0
306,0,0,20,0,True,True,True,1579966474,False,IN_SERVICE,0,0
308,0,0,19,0,True,True,True,1579966313,False,IN_SERVICE,0,0
309,2,1,17,0,True,True,True,1579966258,False,IN_SERVICE,2,0
310,1,0,15,1,True,True,True,1579966285,False,IN_SERVICE,1,0
311,0,1,19,0,True,True,True,1579966251,False,IN_SERVICE,0,0
312,2,1,17,1,True,True,True,1579966388,False,IN_SERVICE,2,0
313,0,0,20,0,True,True,True,1579966353,False,IN_SERVICE,0,0
314,0,0,14,0,True,True,True,1579966298,False,IN_SERVICE,0,0
315,0,0,0,0,True,False,False,0,False,END_OF_LIFE,0,0
316,0,2,14,0,True,True,True,1579966420,False,IN_SERVICE,0,0
317,0,0,20,0,True,True,True,1579966480,False,IN_SERVICE,0,0
318,3,1,16,0,True,True,True,1579966240,False,IN_SERVICE,3,0
319,0,0,20,0,True,True,True,1579966286,False,IN_SERVICE,0,0
320,0,1,19,0,True,True,True,1579966238,False,IN_SERVICE,0,0
321,0,0,16,0,True,True,True,1579966454,False,IN_SERVICE,0,0
322,0,0,20,0,True,True,True,1579966344,False,IN_SERVICE,0,0
323,1,1,22,0,True,True,True,1579966325,False,IN_SERVICE,1,0
324,0,0,16,0,True,True,True,1579966337,False,IN_SERVICE,0,0
328,0,0,16,0,True,True,True,1579966301,False,IN_SERVICE,0,0
329,0,4,15,0,True,True,True,1579966448,False,IN_SERVICE,0,0
330,0,2,14,1,True,True,True,1579966303,False,IN_SERVICE,0,0
331,0,0,0,0,True,False,False,0,False,END_OF_LIFE,0,0
332,2,2,12,0,True,True,True,1579966389,False,IN_SERVICE,2,0
333,1,1,18,0,True,True,True,1579966374,False,IN_SERVICE,1,0
334,0,0,0,0,True,False,False,0,False,END_OF_LIFE,0,0
335,2,0,18,0,True,True,True,1579966381,False,IN_SERVICE,2,0
336,7,2,18,0,True,True,True,1579966400,False,IN_SERVICE,7,0
337,0,0,16,0,True,True,True,1579966445,False,IN_SERVICE,0,0
338,0,1,15,0,True,True,True,1579966485,False,IN_SERVICE,0,0
339,0,1,15,0,True,True,True,1579966316,False,IN_SERVICE,0,0
340,0,0,11,0,True,True,True,1579966255,False,IN_SERVICE,0,0
341,2,0,13,0,True,True,True,1579966482,False,IN_SERVICE,2,0
342,0,2,18,0,True,True,True,1579966459,False,IN_SERVICE,0,0
343,2,1,16,1,True,True,True,1579966399,False,IN_SERVICE,2,0
344,0,0,0,0,True,False,False,0,False,END_OF_LIFE,0,0
345,2,1,17,0,True,True,True,1579966284,False,IN_SERVICE,2,0
346,0,0,0,0,True,False,False,0,False,END_OF_LIFE,0,0
347,0,0,20,0,True,True,True,1579966434,False,IN_SERVICE,0,0
348,2,3,11,2,True,True,True,1579966405,False,IN_SERVICE,2,0
349,0,0,20,0,True,True,True,1579966358,False,IN_SERVICE,0,0
350,0,1,18,0,True,True,True,1579966273,False,IN_SERVICE,0,0
351,1,0,15,0,True,True,True,1579966359,False,IN_SERVICE,1,0
352,0,0,26,0,True,True,True,1579966405,False,IN_SERVICE,0,0
353,0,1,19,0,True,True,True,1579966487,False,IN_SERVICE,0,0
354,0,1,19,0,True,True,True,1579966451,False,IN_SERVICE,0,0
355,0,0,16,0,True,True,True,1579966362,False,IN_SERVICE,0,0
356,0,0,15,0,True,True,True,1579966341,False,IN_SERVICE,0,0
357,0,0,0,0,True,False,False,0,False,END_OF_LIFE,0,0
358,0,0,12,0,True,True,True,1579966298,False,IN_SERVICE,0,0
359,0,0,20,0,True,True,True,1579966322,False,IN_SERVICE,0,0
360,0,0,0,0,True,False,False,0,False,END_OF_LIFE,0,0
361,2,2,16,1,True,True,True,1579966459,False,IN_SERVICE,2,0
362,0,0,15,0,True,True,True,1579966247,False,IN_SERVICE,0,0
364,0,0,24,0,True,True,True,1579966347,False,IN_SERVICE,0,0
365,0,0,0,0,True,False,False,0,False,END_OF_LIFE,0,0
366,2,1,17,0,True,True,True,1579966489,False,IN_SERVICE,2,0
367,0,2,14,0,True,True,True,1579966393,False,IN_SERVICE,0,0
369,1,0,19,0,True,True,True,1579966373,False,IN_SERVICE,1,0
370,5,2,13,0,True,True,True,1579966284,False,IN_SERVICE,5,0
371,0,0,16,0,True,True,True,1579966359,False,IN_SERVICE,0,0
372,0,0,12,0,True,True,True,1579966368,False,IN_SERVICE,0,0
373,1,1,14,0,True,True,True,1579966349,False,IN_SERVICE,1,0
375,1,2,13,0,True,True,True,1579966269,False,IN_SERVICE,1,0
376,0,0,20,0,True,True,True,1579966375,False,IN_SERVICE,0,0
377,1,1,14,1,True,True,True,1579966286,False,IN_SERVICE,1,0
378,0,0,20,0,True,True,True,1579966439,False,IN_SERVICE,0,0
379,5,0,15,0,True,True,True,1579966235,False,IN_SERVICE,5,0
380,0,2,17,0,True,True,True,1579966307,False,IN_SERVICE,0,0
381,0,1,14,0,True,True,True,1579966343,False,IN_SERVICE,0,0
382,0,1,15,0,True,True,True,1579966366,False,IN_SERVICE,0,0
383,0,1,17,0,True,True,True,1579966240,False,IN_SERVICE,0,0
384,3,1,12,0,True,True,True,1579966439,False,IN_SERVICE,3,0
385,8,1,6,4,True,True,True,1579966234,False,IN_SERVICE,8,0
386,0,0,8,0,True,True,True,1579966482,False,IN_SERVICE,0,0
387,0,2,14,0,True,True,True,1579966383,False,IN_SERVICE,0,0
388,1,0,18,0,True,True,True,1579966351,False,IN_SERVICE,1,0
389,2,0,17,0,True,True,True,1579966329,False,IN_SERVICE,2,0
390,0,0,20,0,True,True,True,1579966414,False,IN_SERVICE,0,0
391,1,0,19,0,True,True,True,1579966294,False,IN_SERVICE,1,0
392,0,0,16,1,True,True,True,1579966387,False,IN_SERVICE,0,0
393,1,0,11,0,True,True,True,1579966293,False,IN_SERVICE,1,0
395,1,2,13,2,True,True,True,1579966392,False,IN_SERVICE,1,0
396,0,1,19,0,True,True,True,1579966358,False,IN_SERVICE,0,0
397,1,1,10,0,True,True,True,1579966286,False,IN_SERVICE,1,0
398,0,0,16,0,True,True,True,1579966291,False,IN_SERVICE,0,0
400,1,0,15,1,True,True,True,1579966357,False,IN_SERVICE,1,0
401,0,1,19,0,True,True,True,1579966386,False,IN_SERVICE,0,0
402,0,1,15,0,True,True,True,1579966242,False,IN_SERVICE,0,0
403,1,0,18,0,True,True,True,1579966353,False,IN_SERVICE,1,0
404,0,0,18,0,True,True,True,1579966305,False,IN_SERVICE,0,0
405,0,0,20,0,True,True,True,1579966392,False,IN_SERVICE,0,0
406,1,0,15,0,True,True,True,1579966382,False,IN_SERVICE,1,0
407,2,1,25,1,True,True,True,1579966327,False,IN_SERVICE,2,0
408,0,6,14,0,True,True,True,1579966401,False,IN_SERVICE,0,0
409,2,0,6,0,True,True,True,1579966362,False,IN_SERVICE,2,0
411,1,0,11,0,True,True,True,1579966302,False,IN_SERVICE,1,0
413,2,0,14,1,True,True,True,1579966468,False,IN_SERVICE,2,0
414,0,0,19,0,True,True,True,1579966364,False,IN_SERVICE,0,0
415,0,0,20,0,True,True,True,1579966372,False,IN_SERVICE,0,0
416,0,3,25,0,True,True,True,1579966443,False,IN_SERVICE,0,0
417,0,0,20,0,True,True,True,1579966339,False,IN_SERVICE,0,0
418,0,0,20,1,True,True,True,1579966453,False,IN_SERVICE,0,0
419,1,2,25,0,True,True,True,1579966381,False,IN_SERVICE,1,0
420,1,2,16,0,True,True,True,1579966422,False,IN_SERVICE,1,0
421,0,0,12,0,True,True,True,1579966384,False,IN_SERVICE,0,0
422,0,0,28,0,True,True,True,1579966266,False,IN_SERVICE,0,0
423,1,3,8,1,True,True,True,1579966466,False,IN_SERVICE,1,0
424,2,0,13,0,True,True,True,1579966488,False,IN_SERVICE,2,0
426,1,0,19,0,True,True,True,1579966348,False,IN_SERVICE,1,0
427,2,4,17,0,True,True,True,1579966446,False,IN_SERVICE,2,0
428,1,0,19,0,True,True,True,1579966286,False,IN_SERVICE,1,0
429,2,2,3,0,True,True,True,1579966398,False,IN_SERVICE,2,0
430,0,1,11,0,True,True,True,1579966287,False,IN_SERVICE,0,0
431,0,0,35,0,True,True,True,1579966455,False,IN_SERVICE,0,0
432,1,2,16,0,True,True,True,1579966424,False,IN_SERVICE,1,0
433,2,0,18,1,True,True,True,1579966247,False,IN_SERVICE,2,0
434,0,2,10,0,True,True,True,1579966362,False,IN_SERVICE,0,0
435,1,0,15,0,True,True,True,1579966483,False,IN_SERVICE,1,0
436,0,0,28,0,True,True,True,1579966317,False,IN_SERVICE,0,0
441,0,0,19,1,True,True,True,1579966328,False,IN_SERVICE,0,0
442,0,1,14,0,True,True,True,1579966249,False,IN_SERVICE,0,0
443,0,0,18,0,True,True,True,1579966363,False,IN_SERVICE,0,0
444,0,1,23,1,True,True,True,1579966321,False,IN_SERVICE,0,0
448,1,1,21,2,True,True,True,1579966485,False,IN_SERVICE,1,0
449,0,0,24,0,True,True,True,1579966480,False,IN_SERVICE,0,0
450,198,0,99,0,True,True,True,1567199965,False,IN_SERVICE,99,99
451,198,0,99,0,True,True,True,1568241592,False,IN_SERVICE,99,99
